
CREATE TABLE `feedback` (
  `id` int(11) NOT NULL,
  `userid` int(11) NOT NULL,
  `subject` varchar(50) NOT NULL,
  `message` text NOT NULL,
  `permission` tinyint(4) NOT NULL
) ENGINE=InnoDB DEFAULT CHARSET=utf8 COLLATE=utf8_general_ci;


CREATE TABLE `old_tests` (
  `id` int(11) NOT NULL,
  `test_date` datetime DEFAULT NULL,
  `created_at` timestamp NOT NULL DEFAULT '0000-00-00 00:00:00' ON UPDATE current_timestamp(),
  `updated_at` timestamp NOT NULL DEFAULT '0000-00-00 00:00:00' ON UPDATE current_timestamp()
) ENGINE=InnoDB DEFAULT CHARSET=utf8mb4 COLLATE=utf8mb4_general_ci;


CREATE TABLE `old_test_questions` (
  `id` int(11) NOT NULL,
  `old_test_id` int(11) NOT NULL,
  `questionid` int(11) NOT NULL,
  `created_at` datetime NOT NULL DEFAULT '0000-00-00 00:00:00' ON UPDATE current_timestamp()
) ENGINE=InnoDB DEFAULT CHARSET=utf8mb4 COLLATE=utf8mb4_general_ci;

CREATE TABLE `packages` (
  `id` int(11) NOT NULL,
  `name` varchar(255) NOT NULL,
  `duration` int(11) DEFAULT NULL,
  `numberoftests` int(5) DEFAULT NULL,
  `image` varchar(255) NOT NULL,
  `price` float(10,2) NOT NULL,
  `status` tinyint(1) NOT NULL DEFAULT 1
) ENGINE=InnoDB DEFAULT CHARSET=utf8 COLLATE=utf8_unicode_ci;

--
-- Dumping data for table `packages`
--

INSERT INTO `packages` (`id`, `name`, `duration`, `numberoftests`, `image`, `price`, `status`) VALUES
(1, 'Basic', 7, 10, 'basic.png', 150.00, 1),
(2, 'Premium', 30, 15, 'premium.png', 200.00, 1),
(3, 'Gold', 90, 20, 'gold.png', 250.00, 1);

-- --------------------------------------------------------

--
-- Table structure for table `payments`
--

CREATE TABLE `payments` (
  `id` int(11) NOT NULL,
  `userid` int(11) NOT NULL,
  `txn_id` varchar(255) NOT NULL,
  `packageid` int(11) NOT NULL,
  `payment_gross` float(10,2) NOT NULL,
  `currency_code` varchar(5) NOT NULL,
  `payer_email` varchar(255) NOT NULL,
  `payment_status` varchar(255) NOT NULL,
  `created` datetime NOT NULL
) ENGINE=InnoDB DEFAULT CHARSET=utf8 COLLATE=utf8_unicode_ci;

--
-- Dumping data for table `payments`
--

INSERT INTO `payments` (`id`, `userid`, `txn_id`, `packageid`, `payment_gross`, `currency_code`, `payer_email`, `payment_status`, `created`) VALUES
(4, 12, 'ch_1BN6N0B5Z48o0NTFBVyJUhHh', 1, 150.00, 'dkk', '', '1', '2017-11-11 21:18:32'),
(5, 16, 'ch_1BNTLgB5Z48o0NTF14g1Bwz2', 1, 150.00, 'dkk', '', '1', '2017-11-12 21:50:43'),
(6, 13, 'ch_1BNU4NB5Z48o0NTFYLpKcpqe', 1, 150.00, 'dkk', '', '1', '2017-11-12 22:36:53'),
(7, 20, 'ch_1BPgDVB5Z48o0NTFJu1CnSjk', 1, 150.00, 'dkk', '', '1', '2017-11-18 23:59:24'),
(8, 21, 'ch_1BQG5RB5Z48o0NTFDaxtGnP0', 1, 150.00, 'dkk', '', '1', '2017-11-20 14:17:28'),
(9, 23, 'ch_1BQMntB5Z48o0NTFJgNnerX4', 1, 150.00, 'dkk', '', '1', '2017-11-20 21:27:48'),
(10, 24, 'ch_1BS66TB5Z48o0NTFZb6fqT18', 1, 150.00, 'dkk', '', '1', '2017-11-25 16:02:08'),
(11, 25, 'ch_1BSD1JB5Z48o0NTFGrcKKaZT', 1, 150.00, 'dkk', '', '1', '2017-11-25 23:25:17'),
(12, 34, 'ch_1CILKwB5Z48o0NTFLWtzVjNZ', 1, 150.00, 'dkk', '', '1', '2018-04-18 18:49:00'),
(13, 38, 'ch_1CNGSSB5Z48o0NTF0n1g9Xd4', 1, 150.00, 'dkk', '', '1', '2018-05-02 08:37:07'),
(14, 40, 'ch_1CNmyaB5Z48o0NTFhB074ADs', 1, 150.00, 'dkk', '', '1', '2018-05-03 19:20:27'),
(15, 32, 'ch_1COsdDB5Z48o0NTF2I4AZaJ6', 1, 150.00, 'dkk', '', '1', '2018-05-06 19:34:54'),
(16, 26, 'ch_1CP1UQB5Z48o0NTFAmJS4rMS', 1, 150.00, 'dkk', '', '1', '2018-05-07 05:02:25'),
(17, 43, 'ch_1CP7MBB5Z48o0NTF3X4eNvFK', 1, 150.00, 'dkk', '', '1', '2018-05-07 11:18:17'),
(18, 44, 'ch_1CPb68B5Z48o0NTF6yHS1wFD', 1, 150.00, 'dkk', '', '1', '2018-05-08 19:03:42'),
(19, 37, 'ch_1CPsCyB5Z48o0NTFDhnpMyQ8', 1, 150.00, 'dkk', '', '1', '2018-05-09 13:19:55'),
(20, 45, 'ch_1CSXDKB5Z48o0NTFKF9xT7Yq', 1, 150.00, 'dkk', '', '1', '2018-05-16 21:31:17'),
(21, 34, 'ch_1CTVncB5Z48o0NTFoMEhPeEQ', 1, 150.00, 'dkk', '', '1', '2018-05-19 14:12:47'),
(22, 47, 'ch_1CUEjSB5Z48o0NTFDfV54mCl', 1, 150.00, 'dkk', '', '1', '2018-05-21 14:11:28'),
(23, 48, 'ch_1CUgnBB5Z48o0NTFb8q6vdhB', 1, 150.00, 'dkk', '', '1', '2018-05-22 20:09:12'),
(24, 46, 'ch_1CW0X8B5Z48o0NTFT5EdH8ow', 1, 150.00, 'dkk', '', '1', '2018-05-26 11:26:04'),
(25, 33, 'ch_1CWU3LB5Z48o0NTFtFfattVv', 1, 150.00, 'dkk', '', '1', '2018-05-27 18:57:18'),
(26, 49, 'ch_1CY9RQB5Z48o0NTF3CMh9CwZ', 1, 150.00, 'dkk', '', '1', '2018-06-01 09:21:03'),
(27, 50, 'ch_1CZ0SrB5Z48o0NTF2qvL6bic', 1, 150.00, 'dkk', '', '1', '2018-06-03 17:58:04'),
(28, 51, 'ch_1CZE8dB5Z48o0NTFtWmRcYN5', 1, 150.00, 'dkk', '', '1', '2018-06-04 08:34:06'),
(29, 52, 'ch_1CZJFZB5Z48o0NTFzxg0s6n3', 1, 150.00, 'dkk', '', '1', '2018-06-04 14:01:35'),
(30, 53, 'ch_1CZcBDB5Z48o0NTFSIJxgdbT', 1, 150.00, 'dkk', '', '1', '2018-06-05 10:14:22'),
(31, 8, 'ch_1DPFWmB5Z48o0NTFkkILRhPe', 1, 150.00, 'dkk', 'hellokhadim@gmail.com', '1', '2018-10-25 20:34:01'),
(32, 60, 'ch_1DQduEB5Z48o0NTFTbZwMPP6', 1, 150.00, 'dkk', 'regisdiata@gmail.com', '1', '2018-10-29 16:48:00'),
(33, 61, 'ch_1DRLBlB5Z48o0NTF37OuefJc', 1, 150.00, 'dkk', 'biswo_winner@hotmail.com', '1', '2018-10-31 15:00:58'),
(34, 62, 'ch_1DS9PQB5Z48o0NTFTVVCsH8c', 1, 150.00, 'dkk', 'iqbal.arshad.79@gmail.com', '1', '2018-11-02 20:38:25'),
(35, 57, 'ch_1DSRadB5Z48o0NTFQVHfNWBx', 1, 150.00, 'dkk', 'mhoque_bdctg@yahoo.com', '1', '2018-11-03 16:03:13'),
(36, 63, 'ch_1DUDMlB5Z48o0NTFUMXLDs5W', 1, 150.00, 'dkk', 'erikampinto@gmail.com', '1', '2018-11-08 13:16:13'),
(37, 64, 'ch_1DUJLzB5Z48o0NTFLG3Fe69s', 1, 150.00, 'dkk', 'amigos84@hotmail.com', '1', '2018-11-08 19:39:49'),
(38, 65, 'ch_1DUMXuB5Z48o0NTFNVn1S5jm', 1, 150.00, 'dkk', 'shafqat.majoka@gmail.com', '1', '2018-11-08 23:04:19'),
(39, 50, 'ch_1DUfFhB5Z48o0NTFtygjbX75', 1, 150.00, 'dkk', 'bpavannaidu@gmail.com', '1', '2018-11-09 19:02:47'),
(40, 67, 'ch_1DXmZVB5Z48o0NTFGPy5LGCR', 1, 150.00, 'dkk', 'Chandrakanta.subedi@gmail.com', '1', '2018-11-18 09:28:06'),
(41, 68, 'ch_1DXq4LB5Z48o0NTFfTpHd9hz', 1, 150.00, 'dkk', 'saba_haseeb@hotmail.com', '1', '2018-11-18 13:12:11'),
(42, 66, 'ch_1DYJiqB5Z48o0NTFre6uTZ8w', 1, 150.00, 'dkk', 'contact.rajeev@gmail.com', '1', '2018-11-19 20:51:57'),
(43, 69, 'ch_1DYVrJB5Z48o0NTFq1hGXhqx', 1, 150.00, 'dkk', 'mohymen033@gmail.com', '1', '2018-11-20 09:49:30'),
(44, 70, 'ch_1DYssFB5Z48o0NTFbpAkEXDb', 1, 150.00, 'dkk', 'ej_es95@yahoo.com', '1', '2018-11-21 10:24:00'),
(45, 71, 'ch_1DZl1aB5Z48o0NTFIZ9nmZjv', 1, 150.00, 'dkk', 'milind.dumbare@gmail.com', '1', '2018-11-23 20:13:15'),
(46, 73, 'ch_1DaTJKB5Z48o0NTFN3vRrswW', 1, 150.00, 'dkk', 'karthikasenguttuvan@gmail.com', '1', '2018-11-25 19:30:31'),
(47, 75, 'ch_1E4XyqB5Z48o0NTF6jwff2Y4', 1, 150.00, 'dkk', 'nitdenmark14@gmail.com', '1', '2019-02-16 18:33:41'),
(48, 62, 'ch_1ENnFRB5Z48o0NTFDdWh5FEY', 2, 250.00, 'dkk', 'iqbal.arshad.79@gmail.com', '1', '2019-04-10 20:42:22'),
(49, 78, 'ch_1EPRTNB5Z48o0NTFzAx7k8MN', 2, 250.00, 'dkk', 'h.dasol90@gmail.com', '1', '2019-04-15 09:51:34'),
(50, 80, 'ch_1EVacaB5Z48o0NTFOpqbbO4q', 1, 150.00, 'dkk', 'sama.sachin@gmail.com', '1', '2019-05-02 08:50:29'),
(51, 83, 'ch_1EXn01B5Z48o0NTFSui4cjdn', 1, 150.00, 'dkk', 'sundk50@gmail.com', '1', '2019-05-08 10:27:46'),
(52, 84, 'ch_1EYFOhB5Z48o0NTFUPZb0T5C', 1, 150.00, 'dkk', 'vitalreddym@gmail.com', '1', '2019-05-09 16:47:08'),
(53, 85, 'ch_1EbQznB5Z48o0NTFD7CXcNZa', 1, 150.00, 'dkk', 'nakulshekhawat@gmail.com', '1', '2019-05-18 11:46:36'),
(54, 86, 'ch_1EbSUZB5Z48o0NTFdBgZNV18', 1, 150.00, 'dkk', 'tzakus@gmail.com', '1', '2019-05-18 13:22:29'),
(55, 87, 'ch_1EbTHaB5Z48o0NTFdI2iPSve', 1, 150.00, 'dkk', 'elham3121@gmail.com', '1', '2019-05-18 14:13:07'),
(56, 89, 'ch_1EflJ1B5Z48o0NTFtxbVrdEv', 1, 150.00, 'dkk', 'nirazio@gmail.com', '1', '2019-05-30 10:16:20'),
(57, 74, 'ch_1EgA4gB5Z48o0NTFrWxUl0J3', 1, 150.00, 'dkk', 'gaddamrajireddy@gmail.com', '1', '2019-05-31 12:43:11'),
(58, 90, 'ch_1EgfJJB5Z48o0NTFsM8yTd60', 1, 150.00, 'dkk', 'cecilejabaan@yahoo.com', '1', '2019-06-01 22:04:22'),
(59, 91, 'ch_1EgrfYB5Z48o0NTF2HQjLigo', 1, 150.00, 'dkk', 'chiragsharma91@gmail.com', '1', '2019-06-02 11:16:09'),
(60, 80, 'ch_1EgwQ1B5Z48o0NTFv0PfzQzG', 1, 150.00, 'dkk', 'sama.sachin@gmail.com', '1', '2019-06-02 16:20:26'),
(61, 92, 'ch_1Eh0lVB5Z48o0NTFBwB64qiB', 1, 150.00, 'dkk', 'ebrahimzadeh.es@gmail.com', '1', '2019-06-02 20:58:54'),
(62, 50, 'ch_1Eh8chB5Z48o0NTF9WYOiKUU', 1, 150.00, 'dkk', 'bpavannaidu@gmail.com', '1', '2019-06-03 05:22:20'),
(63, 94, 'ch_1EhYF7B5Z48o0NTFc0JHfLtM', 1, 150.00, 'dkk', 'echevent@yahoo.com', '1', '2019-06-04 08:43:42'),
(64, 95, 'ch_1EhsREB5Z48o0NTFCGxU0IYX', 1, 150.00, 'dkk', 'valdes.david17@gmail.com', '1', '2019-06-05 06:17:33'),
(65, 58, 'ch_1ElrgoB5Z48o0NTFrIdQpkRW', 1, 150.00, 'dkk', 'csapkota21@gmail.com', '1', '2019-06-16 06:18:07'),
(66, 99, 'ch_1FKq8JB5Z48o0NTFKrdiIX0n', 3, 300.00, 'dkk', 'sivabth@gmail.com', '1', '2019-09-20 17:43:05'),
(67, 100, 'ch_1FYsEiB5Z48o0NTFBqqSjWTu', 1, 150.00, 'dkk', 'sunitha.chem@gmail.com', '1', '2019-10-29 10:47:41'),
(68, 104, 'ch_1FZ0RdB5Z48o0NTFFw2CKgu2', 1, 150.00, 'dkk', 'msharaa882@gmail.com', '1', '2019-10-29 19:33:35'),
(69, 105, 'ch_1FaejuB5Z48o0NTFT0by7VvR', 1, 150.00, 'dkk', 'azim.charles@gmail.com', '1', '2019-11-03 08:47:15'),
(70, 106, 'ch_1FbDNKB5Z48o0NTFT96sAbHV', 1, 150.00, 'dkk', 'khadijabagum88@gmail.com', '1', '2019-11-04 21:46:15'),
(71, 107, 'ch_1Fc7gTB5Z48o0NTFo7IxCJLw', 1, 150.00, 'dkk', 'danilingh@yahoo.com', '1', '2019-11-07 09:53:46'),
(72, 108, 'ch_1FcSUQB5Z48o0NTFlFUNfrBK', 1, 150.00, 'dkk', 'danelle_gal@yahoo.com', '1', '2019-11-08 08:06:43'),
(73, 109, 'ch_1FfYkJB5Z48o0NTFoDIKsZsR', 1, 150.00, 'dkk', 'krisubedi3@yahoo.dk', '1', '2019-11-16 21:23:56'),
(74, 46, 'ch_1FgFhMB5Z48o0NTFIVPm0pqa', 1, 150.00, 'dkk', 'omar.nisar@outlook.com', '1', '2019-11-18 19:15:45'),
(75, 111, 'ch_1FhCviB5Z48o0NTFePpsaiXj', 1, 150.00, 'dkk', 'narendar1024@gmail.com', '1', '2019-11-21 10:30:31'),
(76, 117, 'ch_1GDGY4B5Z48o0NTFBSNgKFjM', 1, 150.00, 'dkk', 'bcdingling@yahoo.com', '1', '2020-02-17 20:50:38'),
(77, 119, 'ch_1GGS5KB5Z48o0NTFAFld7T6i', 1, 150.00, 'dkk', 'djfaisal@gmail.com', '1', '2020-02-26 15:46:08'),
(78, 138, 'ch_1Hal2AB5Z48o0NTFk1lqhchI', 1, 150.00, 'dkk', 'memonainam@gmail.com', '1', '2020-10-10 16:35:04'),
(79, 145, 'ch_1Hh2KRB5Z48o0NTFJH1XDim8', 1, 150.00, 'dkk', 'khatirazamani@gmail.com', '1', '2020-10-28 00:15:54'),
(80, 147, 'ch_1Hk4kcB5Z48o0NTFohgLDh4e', 1, 150.00, 'dkk', 'ankam.gangaprasad@gmail.com', '1', '2020-11-05 09:27:27'),
(81, 150, 'ch_1HoaAZB5Z48o0NTFylsy2EAY', 1, 150.00, 'dkk', 'doctor.eatmon@gmail.com', '1', '2020-11-17 19:48:52'),
(82, 151, 'ch_1HpKpEB5Z48o0NTFzdK5UHST', 1, 150.00, 'dkk', 'anant.srivastav@gmail.com', '1', '2020-11-19 21:37:58'),
(83, 162, 'ch_1IpelWB5Z48o0NTFXSZhtmBJ', 1, 150.00, 'dkk', 'jianghuixin066@gmail.com', '1', '2021-05-10 19:27:43'),
(84, 163, 'ch_1Iw58rB5Z48o0NTFSTOFxU0A', 1, 150.00, 'dkk', 'sarab.sabu87@gmail.com', '1', '2021-05-28 12:50:22'),
(85, 1, 'pi_3JbQi8B5Z48o0NTF1ibuTDlk', 1, 150.00, 'dkk', 'iffijarral@gmail.com', 'succeeded', '2021-09-19 14:11:01'),
(86, 174, 'pi_3JgD1wB5Z48o0NTF11ORoqnk', 3, 250.00, 'dkk', 'uchenna_onyekaba@yahoo.com', 'succeeded', '2021-10-02 18:42:31'),
(87, 176, 'pi_3JhtPzB5Z48o0NTF0tLVjkYK', 3, 250.00, 'dkk', 'almedomsamuel@gmail.com', 'succeeded', '2021-10-07 10:04:14'),
(88, 180, 'pi_3JoXI6B5Z48o0NTF08tkJVPm', 3, 250.00, 'dkk', 'lusi1977@hotmail.com', 'succeeded', '2021-10-25 17:50:31'),
(89, 181, 'pi_3JpBSeB5Z48o0NTF01JJx54p', 2, 200.00, 'dkk', 'Hashemjumaa36@gmail.com', 'succeeded', '2021-10-27 12:43:41'),
(90, 184, 'pi_3Jr5YYB5Z48o0NTF0heviFBX', 3, 250.00, 'dkk', 'Wellabtan@gmail.com', 'succeeded', '2021-11-01 18:49:44'),
(91, 186, 'pi_3JrSXlB5Z48o0NTF1oVJuU83', 3, 250.00, 'dkk', 'tiba.younes@hotmail.com', 'succeeded', '2021-11-02 19:23:10'),
(92, 178, 'pi_3JrUT4B5Z48o0NTF05Bf9ko4', 3, 250.00, 'dkk', 'amna.magzoub1901@gmail.com', 'succeeded', '2021-11-02 21:25:55'),
(93, 185, 'pi_3Jvl2fB5Z48o0NTF13AzP0BN', 3, 250.00, 'dkk', 'radhikamynampati@gmail.com', 'succeeded', '2021-11-14 15:57:34'),
(94, 191, 'pi_3JvrYeB5Z48o0NTF05v4zMgb', 3, 250.00, 'dkk', 'jhvalse@gmail.com', 'succeeded', '2021-11-14 22:52:49'),
(95, 194, 'pi_3JvtNoB5Z48o0NTF166XYYzq', 3, 250.00, 'dkk', 'cricentaboteju@gmail.com', 'succeeded', '2021-11-15 22:48:42'),
(96, 196, 'pi_3JwNwyB5Z48o0NTF0aABn1kb', 3, 250.00, 'dkk', 'laurisvick@gmail.com', 'succeeded', '2021-11-16 09:29:34'),
(97, 197, 'pi_3JwZojB5Z48o0NTF0JGH2tDA', 3, 250.00, 'dkk', 'marilourafa75@gmail.com', 'succeeded', '2021-11-16 22:15:13'),
(98, 199, 'pi_3JwtLRB5Z48o0NTF1i6voTxn', 1, 150.00, 'dkk', 'Mansoorabdul262@gmail.com', 'succeeded', '2021-11-17 18:59:19'),
(99, 198, 'pi_3Jws5kB5Z48o0NTF0s7mpUm5', 1, 150.00, 'dkk', 'finestx@yahoo.com', 'succeeded', '2021-11-17 20:18:23'),
(100, 193, 'pi_3JwuvvB5Z48o0NTF05JWApwj', 1, 150.00, 'dkk', 'tisted.2012@gmail.com', 'succeeded', '2021-11-17 20:42:01'),
(101, 203, 'pi_3JyEe8B5Z48o0NTF1VJEBDSk', 1, 150.00, 'dkk', 'venugopal.sapmm80@gmail.com', 'succeeded', '2021-11-21 11:56:27'),
(102, 205, 'pi_3JyifzB5Z48o0NTF0x3rDAxG', 2, 200.00, 'dkk', 'delarama_donabella@yahoo.com', 'succeeded', '2021-11-22 20:00:26'),
(103, 208, 'pi_3Jz2SbB5Z48o0NTF0Yg0N0Zv', 1, 150.00, 'dkk', 'ruchi.singh2405@gmail.com', 'succeeded', '2021-11-23 17:08:05'),
(104, 209, 'pi_3Jz3B3B5Z48o0NTF0VKdObAx', 3, 250.00, 'dkk', 'Candyking80@Gmail.com', 'succeeded', '2021-11-23 17:54:51'),
(105, 210, 'pi_3Jz49vB5Z48o0NTF070TLCBi', 1, 150.00, 'dkk', 'julieta.andriasyan@gmail.com', 'succeeded', '2021-11-23 18:57:26'),
(106, 211, 'pi_3Jz6r8B5Z48o0NTF1Ir8b4yJ', 3, 250.00, 'dkk', 'jess.frankland@gmail.com', 'succeeded', '2021-11-23 21:50:04'),
(107, 212, 'pi_3JzB5jB5Z48o0NTF0u1G1EUe', 2, 200.00, 'dkk', 'Alikazemi1983@yahoo.com', 'succeeded', '2021-11-24 02:21:26'),
(108, 214, 'pi_3KIWE1B5Z48o0NTF10uvm0x0', 1, 150.00, 'dkk', 'Ethyo838@yahoo.com', 'succeeded', '2022-01-16 10:46:31'),
(109, 219, 'pi_3KWLBvB5Z48o0NTF08lXVDkT', 3, 250.00, 'dkk', 'zhouguanhao92@gmail.com', 'succeeded', '2022-02-23 13:48:29'),
(110, 220, 'pi_3KYRDtB5Z48o0NTF0MfANS9T', 3, 250.00, 'dkk', 'sanila163@gmail.com', 'succeeded', '2022-03-01 08:40:11'),
(111, 217, 'pi_3KYZpWB5Z48o0NTF1Fzj644i', 3, 250.00, 'dkk', 'shaki_shenasvand2@yahoo.com', 'succeeded', '2022-03-01 17:52:48'),
(112, 216, 'pi_3KacxdB5Z48o0NTF15zFERmC', 3, 250.00, 'dkk', 'davidolusolasegun@gmail.com', 'succeeded', '2022-03-07 09:43:29'),
(113, 227, 'pi_3Klvr7B5Z48o0NTF0yCUm6mU', 3, 250.00, 'dkk', 'sagarsapkota01@gmail.com', 'succeeded', '2022-04-07 14:00:23'),
(114, 231, 'pi_3KppcPB5Z48o0NTF0MndoB8n', 3, 250.00, 'dkk', 'rubalchoudhary@gmail.com', 'succeeded', '2022-04-18 08:11:09'),
(115, 232, 'pi_3KqZogB5Z48o0NTF0F717LIZ', 1, 150.00, 'dkk', 'iffi_kunjahi@yahoo.com', 'succeeded', '2022-04-20 09:28:50'),
(116, 233, 'pi_3KrHcSB5Z48o0NTF197RESFS', 3, 250.00, 'dkk', 'mbayat@mek.dtu.dk', 'succeeded', '2022-04-22 08:14:03'),
(117, 234, 'pi_3KrqEnB5Z48o0NTF0qozzHvK', 3, 250.00, 'dkk', 'sukru.gursoy@gmail.com', 'succeeded', '2022-04-23 21:12:33'),
(118, 235, 'pi_3KsunkB5Z48o0NTF1GQ3ezoD', 3, 250.00, 'dkk', 'Karbala_2700@hotmail.com', 'succeeded', '2022-04-26 20:17:40'),
(119, 237, 'pi_3KtONMB5Z48o0NTF1W0pD4VQ', 3, 250.00, 'dkk', 'jendon_ak@hotmail.com', 'succeeded', '2022-04-28 03:51:49'),
(120, 239, 'pi_3KuuyMB5Z48o0NTF1JnTih5y', 3, 250.00, 'dkk', '21harika@gmail.com', 'succeeded', '2022-05-02 08:53:27'),
(121, 238, 'pi_3Kv1HHB5Z48o0NTF1e7eqYa2', 3, 250.00, 'dkk', 'hilbertowens@gmail.com', 'succeeded', '2022-05-02 15:39:30'),
(122, 241, 'pi_3KvSZEB5Z48o0NTF0qKZNJoP', 3, 250.00, 'dkk', 'icon18a@gmail.com', 'succeeded', '2022-05-03 20:44:42'),
(123, 242, 'pi_3KvdQVB5Z48o0NTF0O4ARAUR', 2, 200.00, 'dkk', 'bilalafzaldogar@yahoo.com', 'succeeded', '2022-05-06 08:22:38'),
(124, 245, 'pi_3KwjIIB5Z48o0NTF1PizgMy7', 3, 250.00, 'dkk', 'mjazad.ctg@gmail.com', 'succeeded', '2022-05-07 08:48:49'),
(125, 248, 'pi_3KyI2SB5Z48o0NTF1AeE1sIS', 3, 250.00, 'dkk', 'tummaluru.harsha@gmail.com', 'succeeded', '2022-05-11 16:07:25'),
(126, 250, 'pi_3KzMzeB5Z48o0NTF1NfMBmrG', 2, 200.00, 'dkk', 'krastat@gmail.com', 'succeeded', '2022-05-14 15:35:45'),
(127, 251, 'pi_3L0zt7B5Z48o0NTF1bMHQRKF', 3, 250.00, 'dkk', 'sadiquldum@hotmail.co.uk', 'succeeded', '2022-05-19 03:28:38'),
(128, 252, 'pi_3L1racB5Z48o0NTF1TlM4vPf', 3, 250.00, 'dkk', 'Serena_leka@hotmail.com', 'succeeded', '2022-05-21 12:40:19'),
(129, 253, 'pi_3L20mxB5Z48o0NTF0vybjudX', 1, 150.00, 'dkk', 'siluthapa69@gmail.com', 'succeeded', '2022-05-21 22:29:25'),
(130, 255, 'pi_3L2XjpB5Z48o0NTF074xWfY2', 1, 150.00, 'dkk', 'smorhullet84@gmail.com', 'succeeded', '2022-05-23 09:43:08'),
(131, 258, 'pi_3L2rmzB5Z48o0NTF1sUwnFJW', 3, 250.00, 'dkk', 'moli0903@gmail.com', 'succeeded', '2022-05-24 07:08:21'),
(132, 259, 'pi_3L2waWB5Z48o0NTF14OkkkTe', 1, 150.00, 'dkk', 'aleksandra.lezaja@hotmail.com', 'succeeded', '2022-05-24 12:16:21'),
(133, 260, 'pi_3L351yB5Z48o0NTF0Yn83bJD', 3, 250.00, 'dkk', 'panda.bimal@gmail.com', 'succeeded', '2022-05-24 21:13:51'),
(134, 261, 'pi_3L3Q5FB5Z48o0NTF0j5EU0o9', 1, 150.00, 'dkk', 'Dana.myu@gmail.com', 'succeeded', '2022-05-25 19:43:04'),
(135, 262, 'pi_3L3SmDB5Z48o0NTF0VhbdqqZ', 1, 150.00, 'dkk', 'B.engineer@outlook.dk', 'succeeded', '2022-05-25 22:37:12'),
(136, 263, 'pi_3L404gB5Z48o0NTF1BmmwjWc', 1, 150.00, 'dkk', 'danisfdavare@gmail.com', 'succeeded', '2022-05-27 10:08:43'),
(137, 264, 'pi_3L40b4B5Z48o0NTF1voE2WKC', 2, 200.00, 'dkk', 'kofod.maria@icloud.com', 'succeeded', '2022-05-27 10:42:00'),
(138, 269, 'pi_3L4UVDB5Z48o0NTF0hw2Fo6d', 3, 250.00, 'dkk', 'rezasadrolahi0005@gmail.com', 'succeeded', '2022-05-28 18:37:36'),
(139, 201, 'pi_3L4lCkB5Z48o0NTF1ywZEjnm', 3, 250.00, 'dkk', 'erumawan.21@gmail.com', 'succeeded', '2022-05-29 12:27:24'),
(140, 270, 'pi_3L5CbkB5Z48o0NTF1GvTIpP7', 3, 250.00, 'dkk', 'misako.ono28@gmail.com', 'succeeded', '2022-05-30 17:43:10'),
(141, 273, 'pi_3L5NWaB5Z48o0NTF1gedUtbN', 3, 250.00, 'dkk', 'pamellawilliamson@hotmail.com', 'succeeded', '2022-05-31 05:25:09'),
(142, 273, 'pi_3L5O7RB5Z48o0NTF00z8BXb2', 3, 250.00, 'dkk', 'pamellawilliamson@hotmail.com', 'succeeded', '2022-05-31 06:01:01'),
(143, 274, 'pi_3L5Ti0B5Z48o0NTF0G9DIH7Y', 1, 150.00, 'dkk', 'Ahadkhan916@gmail.com', 'succeeded', '2022-05-31 12:01:14'),
(144, 275, 'pi_3L5W2UB5Z48o0NTF15sdccWB', 1, 150.00, 'dkk', 'monika.jovik@gmail.com', 'succeeded', '2022-05-31 14:28:00'),
(145, 273, 'pi_3L5YVGB5Z48o0NTF1EnKvTZu', 3, 250.00, 'dkk', 'pamellawilliamson@hotmail.com', 'succeeded', '2022-05-31 17:06:53'),
(146, 277, 'pi_3L5Yi9B5Z48o0NTF0aLS9rzo', 1, 150.00, 'dkk', 'pavlosunhurov@gmail.com', 'succeeded', '2022-05-31 17:19:31'),
(147, 276, 'pi_3L5ZabB5Z48o0NTF0mz0fVIl', 3, 250.00, 'dkk', 'kim.ingeman@gmail.com', 'succeeded', '2022-05-31 18:17:28'),
(148, 277, 'pi_3L5arZB5Z48o0NTF12iG97OU', 3, 250.00, 'dkk', 'pavlosunhurov@gmail.com', 'succeeded', '2022-05-31 19:36:48'),
(149, 278, 'pi_3L5fv7B5Z48o0NTF1mVwXVzp', 1, 150.00, 'dkk', 'monisha.shriram@gmail.com', 'succeeded', '2022-06-01 01:00:46'),
(150, 283, 'pi_3Lai8OB5Z48o0NTF1n3UgK3I', 3, 250.00, 'dkk', 'jiang494@hotmail.com', 'succeeded', '2022-08-25 15:41:07'),
(151, 284, 'pi_3Li0yWB5Z48o0NTF0gD3iaJa', 3, 250.00, 'dkk', 'cishon@yandex.ru', 'succeeded', '2022-09-14 19:12:43'),
(152, 285, 'pi_3LiNwxB5Z48o0NTF0edN8AKv', 3, 250.00, 'dkk', 'Pepcy29@hotmail.com', 'succeeded', '2022-09-15 19:43:35'),
(153, 286, 'pi_3Lk6CpB5Z48o0NTF1dRyxgnt', 3, 250.00, 'dkk', 'eva123alie@gmail.com', 'succeeded', '2022-09-20 13:11:28'),
(154, 288, 'pi_3LldoXB5Z48o0NTF0XVAhEf6', 3, 250.00, 'dkk', 'mmalik@live.dk', 'succeeded', '2022-09-24 19:15:36'),
(155, 289, 'pi_3Ln35hB5Z48o0NTF1ijQXUvC', 3, 250.00, 'dkk', 'amanuelaraya65@gmail.com', 'succeeded', '2022-09-28 16:27:54'),
(156, 292, 'pi_3LoBufB5Z48o0NTF0pv5PTUL', 3, 250.00, 'dkk', 'hossain.musarraf@gmail.com', 'succeeded', '2022-10-01 20:08:29'),
(157, 298, 'pi_3LsMeOB5Z48o0NTF1k17Tw2X', 3, 250.00, 'dkk', 'anhkhoa.km0405@gmail.com', 'succeeded', '2022-10-13 08:20:50'),
(158, 296, 'pi_3LsQE5B5Z48o0NTF0DXj2fZS', 3, 250.00, 'dkk', 'guadalupe_goldmann@yahoo.com', 'succeeded', '2022-10-13 12:12:00'),
(159, 300, 'pi_3LtSaXB5Z48o0NTF1lmDGZDu', 3, 250.00, 'dkk', 'rami.antar82@gmail.com', 'succeeded', '2022-10-16 08:55:33'),
(160, 302, 'pi_3LuJMeB5Z48o0NTF0MEV6hKs', 3, 250.00, 'dkk', 'hassanofficial69@gmail.com', 'succeeded', '2022-10-18 17:15:39'),
(161, 303, 'pi_3LvQE4B5Z48o0NTF1lrxvU5P', 2, 200.00, 'dkk', 'pramod.mundanat@gmail.com', 'succeeded', '2022-10-21 18:47:05'),
(162, 295, 'pi_3LvcJBB5Z48o0NTF0qDLclpG', 2, 200.00, 'dkk', 'Muhi9090@gmail.com', 'succeeded', '2022-10-22 07:42:18'),
(163, 305, 'pi_3LwO3nB5Z48o0NTF0IITHqgB', 3, 250.00, 'dkk', 'hairynlamon@gmail.com', 'succeeded', '2022-10-24 10:40:08'),
(164, 306, 'pi_3LwU1kB5Z48o0NTF1Kq77zLn', 3, 250.00, 'dkk', 'Teresanguyen85@gmail.com', 'succeeded', '2022-10-24 17:03:00'),
(165, 307, 'pi_3LxqKbB5Z48o0NTF0GLAw3UH', 2, 200.00, 'dkk', 'kanganid13@gmail.com', 'succeeded', '2022-10-28 11:04:43'),
(166, 308, 'pi_3LyM9WB5Z48o0NTF1GJPIuw1', 2, 200.00, 'dkk', 'piyushguptarst@gmail.com', 'succeeded', '2022-10-29 21:06:25'),
(167, 309, 'pi_3LyucKB5Z48o0NTF1YlGoThT', 3, 250.00, 'dkk', 'sarahwkibe@gmail.com', 'succeeded', '2022-10-31 09:53:14'),
(168, 311, 'pi_3M0MmLB5Z48o0NTF0psNVwh7', 3, 250.00, 'dkk', 'kathykampen@gmail.com', 'succeeded', '2022-11-04 10:06:14'),
(169, 312, 'pi_3M0tnYB5Z48o0NTF1xtyRxxw', 3, 250.00, 'dkk', 'mykhailo96@gmail.com', 'succeeded', '2022-11-05 21:22:08'),
(170, 316, 'pi_3M2JsxB5Z48o0NTF0gtEqfaY', 3, 250.00, 'dkk', 'ahena7@gmail.com', 'succeeded', '2022-11-09 19:25:32'),
(171, 317, 'pi_3M2cySB5Z48o0NTF1rdTjDZj', 2, 200.00, 'dkk', 'rheamaelarsen@gmail.com', 'succeeded', '2022-11-10 15:48:00'),
(172, 318, 'pi_3M2zZqB5Z48o0NTF0JLQP4lS', 1, 150.00, 'dkk', 'dr.sharanjeet86@gmail.com', 'succeeded', '2022-11-11 15:56:20'),
(173, 320, 'pi_3M3fsNB5Z48o0NTF11yd9fYH', 3, 250.00, 'dkk', 'rojjana57@gmail.com', 'succeeded', '2022-11-13 13:07:12'),
(174, 319, 'pi_3M3iv9B5Z48o0NTF10aMNVHa', 1, 150.00, 'dkk', 'Tetiana.S.Ilnytska@gmail.com', 'succeeded', '2022-11-13 16:21:32'),
(175, 321, 'pi_3M3j1gB5Z48o0NTF0B0v12J0', 1, 150.00, 'dkk', 'tetiana.ilnytska@dk.nestle.com', 'succeeded', '2022-11-13 16:27:55'),
(176, 322, 'pi_3M3mY5B5Z48o0NTF1JX7rHJy', 3, 250.00, 'dkk', 'dclandersen@gmail.com', 'succeeded', '2022-11-13 20:13:18'),
(177, 324, 'pi_3M4QVmB5Z48o0NTF08KYCuW3', 3, 250.00, 'dkk', 'losmi987321@gmail.com', 'succeeded', '2022-11-15 14:54:46'),
(178, 325, 'pi_3M4kUFB5Z48o0NTF18o7e9xO', 2, 200.00, 'dkk', 'shah.atin@gmail.com', 'succeeded', '2022-11-16 12:13:50'),
(179, 321, 'pi_3M4piZB5Z48o0NTF17a3vuUq', 3, 250.00, 'dkk', 'tetiana.ilnytska@dk.nestle.com', 'succeeded', '2022-11-16 17:49:31'),
(180, 326, 'pi_3M4sxFB5Z48o0NTF1a9mOibg', 3, 250.00, 'dkk', 'gokhan.ayg@gmail.com', 'succeeded', '2022-11-16 21:26:46'),
(181, 327, 'pi_3M50TyB5Z48o0NTF1AotIP1O', 1, 150.00, 'dkk', 'marioguitar85@gmail.com', 'succeeded', '2022-11-17 05:19:12'),
(182, 328, 'pi_3M53CQB5Z48o0NTF0ahJG4DW', 1, 150.00, 'dkk', 'abhinavkapila1990@gmail.com', 'succeeded', '2022-11-17 08:12:16'),
(183, 331, 'pi_3M55nQB5Z48o0NTF1oWnPlFj', 3, 250.00, 'dkk', 'finn.anette@gmail.com', 'succeeded', '2022-11-17 10:58:48'),
(184, 332, 'pi_3M5AAiB5Z48o0NTF00ffPykl', 1, 150.00, 'dkk', 'nalen1622@yahoo.com.sg', 'succeeded', '2022-11-17 15:40:23'),
(185, 333, 'pi_3M5EcJB5Z48o0NTF1pSfMCPH', 1, 150.00, 'dkk', 'nataliiakrasnikova@bigmir.net', 'succeeded', '2022-11-17 20:26:05'),
(186, 335, 'pi_3M5nFUB5Z48o0NTF1CWUOchR', 3, 250.00, 'dkk', 'iramku@live.com', 'succeeded', '2022-11-19 09:23:54'),
(187, 335, 'pi_3M5nIZB5Z48o0NTF1XuO0dHK', 3, 250.00, 'dkk', 'iramku@live.com', 'succeeded', '2022-11-19 09:26:10'),
(188, 334, 'pi_3M5ybWB5Z48o0NTF19pPVLRi', 3, 250.00, 'dkk', 'ram.sainvst@gmail.com', 'succeeded', '2022-11-19 21:30:20'),
(189, 337, 'pi_3M6DeBB5Z48o0NTF0mo82F6i', 3, 250.00, 'dkk', 'hamdii147@hotmail.com', 'succeeded', '2022-11-20 13:33:55'),
(190, 339, 'pi_3M6J3rB5Z48o0NTF1eIQAuDW', 3, 250.00, 'dkk', 'salaro2003@gmail.com', 'succeeded', '2022-11-20 19:20:58'),
(191, 340, 'pi_3M6K3vB5Z48o0NTF09tlw61y', 3, 250.00, 'dkk', 'roukhashi1214@gmail.com', 'succeeded', '2022-11-20 20:25:23'),
(192, 341, 'pi_3M6gCRB5Z48o0NTF0eZj6ZfP', 2, 200.00, 'dkk', 'maymana.hashim@gmail.com', 'succeeded', '2022-11-21 20:03:26'),
(193, 342, 'pi_3M6hG8B5Z48o0NTF0Mo0ohqX', 2, 200.00, 'dkk', 'hbsahib@gmail.com', 'succeeded', '2022-11-21 21:11:47'),
(194, 345, 'pi_3M6uGzB5Z48o0NTF1jnC2UFR', 3, 250.00, 'dkk', 'Mechanical2015@outlook.com', 'succeeded', '2022-11-22 11:06:06'),
(195, 344, 'pi_3M6yJ9B5Z48o0NTF0FHPokN5', 3, 250.00, 'dkk', 'sunbohitee@gmail.com', 'succeeded', '2022-11-22 15:24:13'),
(196, 344, 'pi_3M6yLDB5Z48o0NTF1RtP8N1I', 3, 250.00, 'dkk', 'sunbohitee@gmail.com', 'succeeded', '2022-11-22 15:25:21'),
(197, 347, 'pi_3M6zSFB5Z48o0NTF0QO9WvkU', 1, 150.00, 'dkk', 'michaelaymut@gmail.com', 'succeeded', '2022-11-22 16:37:42'),
(198, 348, 'pi_3M71rwB5Z48o0NTF0rddMnHW', 1, 150.00, 'dkk', 'aiz-1984@hotmail.com', 'succeeded', '2022-11-22 19:12:56'),
(199, 349, 'pi_3M7DVWB5Z48o0NTF0NmTD0aw', 1, 150.00, 'dkk', 'nazli.dado@gmail.com', 'succeeded', '2022-11-23 07:38:12'),
(200, 350, 'pi_3MPpg0B5Z48o0NTF0aK4OQb9', 3, 250.00, 'dkk', 'kcsid33@gmail.com', 'succeeded', '2023-01-13 19:31:53'),
(201, 351, 'pi_3MXhT7B5Z48o0NTF10yZrgJw', 3, 250.00, 'dkk', 'chand_bijaya@yahoo.com', 'succeeded', '2023-02-04 08:53:23'),
(202, 352, 'pi_3MXr5zB5Z48o0NTF1seZr0L5', 3, 250.00, 'dkk', 'infokocherla@gmail.com', 'succeeded', '2023-02-04 19:09:17');

--
-- Table structure for table `questions`
--

CREATE TABLE `questions` (
  `id` int(11) NOT NULL,
  `question` text DEFAULT NULL,
  `op1` text NOT NULL,
  `op2` text NOT NULL,
  `op3` text NOT NULL,
  `answer` text NOT NULL
) ENGINE=InnoDB DEFAULT CHARSET=utf8 COLLATE=utf8_general_ci;

--
-- Dumping data for table `questions`
--

INSERT INTO `questions` (`id`, `question`, `op1`, `op2`, `op3`, `answer`) VALUES
(3, 'Hvor mange års undervisning skal børn i Danmark mindst have', '7 år', '10 år', '13 år', '10 år'),
(4, 'For hvem er folkeskolen gratis ', 'Fattige', 'Alle', 'Danske', 'Alle'),
(5, 'Hvornår starter børnene i børnehaveklassen', 'Omkring 3 år ', 'Omkring 5 år ', 'Omkring 6 år ', 'Omkring 6 år '),
(6, 'Hvor mange trin som regel har en folkeskole', '3 trin', '5 trin', '7 trin', '3 trin'),
(7, 'Hvor tidligst kan et barn få en plads til en vuggestue ', 'Fra seks måneder gammelt', 'Fra fire måneder gammelt', 'Fra ti måneder gammelt', 'Fra seks måneder gammelt'),
(8, 'På hvilken alder får barnet anciennitet på ventelisten', 'Seks måneder', 'Fire måneder', 'Ti måneder', 'Fire måneder'),
(9, 'Hvornår går indskolingen trin i folkeskole system ', 'Fra børnehaveklassen til 3.klasse', 'Fra vuggestue til 3.klasse', 'Fra vuggestue til 4.klasse', 'Fra børnehaveklassen til 3.klasse'),
(10, 'Hvornår går mellemtrinnet i folkeskolen ', 'Fra 4. til 6.klasse', 'Fra 3. til 5.klasse', 'Fra 7. til 9.klasse', 'Fra 4. til 6.klasse'),
(11, 'Hvornår går udskolingen i folkeskol', 'Fra 6. til 9.klasse', 'Fra 7. til 9.klasse', 'Fra 7. til 10.klasse', 'Fra 7. til 9.klasse'),
(12, 'Et elevråd i folkeskole består af', 'elever fra høj klasse', 'en elev fra hver klasse', '', 'en elev fra hver klasse'),
(13, 'Hvad testes i klasse 2., 4., 6. og 8. i en folkeskole', 'engelsk', 'dansk/læsning', 'matematik', 'dansk/læsning'),
(14, 'I hvilken klasse testes matematik I en folkeskole', '7.', '8.', '3. og 6. klasse', '3. og 6. klasse'),
(15, 'I hvilken klasse testes engelsk I en folkeskole ', '7.', '3. og 6. ', '2., 4., 6. og 8. ', '7.'),
(16, 'I hvilken klass testes fysik/kemi I en folkeskole ', '7.', '3. og 6.', '8.', '8.'),
(17, 'Hvornår testes biologi I en folkeskole', 'I 8.klasse ', 'I 7.klasse', 'I 3. og 6. klasse', 'I 8.klasse '),
(18, 'Hvornår testes fysik/kemi I en folkeskole', 'I 7. Klasse', 'I 8. klasse', 'I 3. klasse', 'I 8. klasse'),
(19, 'Kan elever i folkeskole også tage en test i dansk som andetsprog', 'Ja', 'Nej', '', 'Ja'),
(20, 'Fra børnehaveklassen til hvilken klasse får børnene ikke karakterer i folkeskolen', '8.', '6.', '7.', '7.'),
(21, 'Hvor mange gang om året får eleverne karakterer fra folkeskolens 8. klasse', 'mindst to gange ', 'to gange', 'mindst en gang', 'mindst to gange '),
(22, 'Efter hvilken klasse aflægger eleverne prøve i mange fag i folkeskole  ', '9. eller 10.', '9.', '10.', '9. eller 10.'),
(23, 'Hvilken af disse karakterskalaer anvendes i Danmark', '3-trins-skalaen', '7-trins-skalaen', '12-trins-skalaen', '7-trins-skalaen'),
(24, 'Hvad er den højeste karakter på 7-trins-skalaen', '7', '10', '12', '12'),
(25, 'Hvilken af disse er den laveste karakter i 7-trins-skalaen', '0', '-3', '-5', '-3'),
(26, 'Hvor bruges 7-trins-skalaen', 'I Offentlige skoler', 'I gymnasier', 'Overalt i det danske uddannelsessystem', 'Overalt i det danske uddannelsessystem'),
(27, 'Hvor ofte holdes valg til skolebestyrelsen', 'hvert 3. år ', 'hvert 4. år', 'hvert 5. år', 'hvert 4. år'),
(28, 'Hvornår kan vælge unger at gå på efterskole', 'i 9. klasse', 'i 10. klasse ', 'i 8., 9. eller 10. klasse', 'i 8., 9. eller 10. klasse'),
(29, 'Er undervisningen gratis på gymnasier og erhvervsskoler', 'Ja', 'Nej', '', 'Ja'),
(30, 'Hvor mange år varer Stx-, hhx- og htx-uddannelserne for de unge, der har afsluttet grundskolen med 9.-klasseprøven ', '2 år', '3 år ', '4 år', '3 år '),
(31, 'Hvor mange år varer Stx-, hhx- og htx-uddannelserne for de unge, der har afsluttet grundskolen med 10.-klasseprøven', '2 år', '3 år ', '4 år', '2 år'),
(32, 'Hvor mange unge vælger at søge ind på en ungdomsuddannelse efter folkeskolen ', '75%', '84%', '94%', '94%'),
(33, 'Hvor længe kan tage en erhvervsuddannelse ', 'mellem 2 og 4 år', 'mellem 1½ og 5¾ år', 'mellem 3 og 5 år', 'mellem 1½ og 5¾ år'),
(34, 'Har de enkelte uddannelser særlige adgangskrav', 'Ja', 'Nej', '', 'Ja'),
(35, 'Hvor længe tager en erhvervsakademiuddannelse', '4 år', '3 år', '2 år', '2 år'),
(36, 'Hvilken type videregående uddannelse er en erhvervsakademiuddannelse', 'en kort videregående uddannelse', 'en mellemlang videregående', 'en lang vidergående uddannelse', 'en kort videregående uddannelse'),
(37, 'Hvilken type videregående uddannelse er en professionsbacheloruddannelse', 'En kort videregående uddannelse', 'En mellemlang videregående', 'En lang vidergående uddannelse', 'En mellemlang videregående'),
(38, 'Hvor lange tager en professionsbacheloruddannelse', '3 år ', '2 år', '3-4 år', '3-4 år'),
(39, 'Hvor mange år praktik indgår i en professionsbacheloruddannelse', '2 år', 'et halvt år', 'et år', 'et halvt år'),
(40, 'Hvor mange universiteter er der i Danmark', '10', '8', '12', '8'),
(41, 'I hvilket tilfælde kan man få økonomisk støtte i forbindelse med uddannelse', 'Hvis man er dansk statsborger.', 'Når man er indskrevet på en uddannelse, som er godkendt til SU, og hvis man opfylder betingelserne for at få SU.', 'Hvis man borgere i en af EU lande', 'Når man er indskrevet på en uddannelse, som er godkendt til SU, og hvis man opfylder betingelserne for at få SU.'),
(42, 'Hvor mange forskellige arbejdsmarkedsuddannelser er der I Danmark', 'omkring 3.500 ', 'omkring 3.200 ', 'omkring 3.000 ', 'omkring 3.500 '),
(43, 'Hvor mange percent af børn mellem tre og fem år passes uden for hjemmet', '90%', '95%', '97%', '97%'),
(44, 'For hvilken aldersgruppe børn er typisk en dagpleje', 'børn fra ca ti måneder til ca. tre år', 'børn fra ca seks måneder til ca. tre år', 'børn fra ca seks måneder til ca. to år', 'børn fra ca seks måneder til ca. tre år'),
(45, 'Hvordan bliver barnet passet af I en dagpleje', 'alene', 'sammen med 2-4 andre børn.', 'sammen med 2-8 andre børn.', 'sammen med 2-4 andre børn.'),
(46, 'For hvilken aldersgruppe børn er typisk en børnehave', 'Børne fra seks måneder til tre år', 'Børne fra to år og op til seks år', 'Børne fra tre år og op til seks år', 'Børne fra tre år og op til seks år'),
(47, 'Hvor børnene er begyndt at lære om andre religiøse højtider end de kristne', 'I børnehaver', 'I folkeskole', 'I gymnasium', 'I børnehaver'),
(48, 'Mellem hvem er aftalt de fleste regler af det danske arbejdsmarked  ', 'fagforeningerne og arbejdsgiver-organisationerne ', 'fagforeningerne og Arbejdsmarkedets parter', 'arbejdsgiver-organisationerne og Arbejdsmarkedets parter', 'fagforeningerne og arbejdsgiver-organisationerne '),
(49, 'Hvad kalder man det, når en fagforening og en arbejdsgiverforening aftaler ansættelsesvilkårene for de medarbejdere, der er omfattet af overenskomsten', 'en ansættelseskontrakt,', 'en kollektive overenskomster', 'en arbejdsskade', 'en kollektive overenskomster'),
(50, 'Hvor mange percent af de 15-64-årige har et arbejde i Danmark', '70%', '71%', '75%', '71%'),
(51, 'Hvor mange percent af de kvinderne har et arbejde i Danmark', '69,2%', '79,2%', '59,2%', '69,2%'),
(52, 'Hvor mange percent af de mændene har et arbejde i Danmark', '70,2%', '72,2%', '80%', '72,2%'),
(53, 'Hvor mange percent af de Landbrug, skovbrug og fiskeri er i danske arbejdsmarked', '0,7 %', '1,7 %', '2,7 %', '2,7 %'),
(54, 'Hvor mange procent af de - Industri, råstofindvinding og forsyningsvirksomhed er i danske arbejdsmarked', '9,6 %', '10,6 %', '11,6 %', '11,6 %'),
(55, 'Hvor mange percent af de Bygge og anlæg er i danske arbejdsmarked', '5 %', '5,6 %', '6,5 %', '5,6 %'),
(56, 'Hvor mange percent af de Handel og transport er i dansk arbejdsmarked', '24,1 %', '24,4 %', '14,4 %', '24,1 %'),
(57, 'Hvor mange percent af de Information og kommunikation er i danske arbejdsmarked', '2,7 %', '3,7 %', '4,7 %', '3,7 %'),
(58, 'Hvor mange percent af de Finansiering og forsikring er i danske arbejdsmarked', '0,9 %', '1,9 %', '2,9 %', '2,9 %'),
(59, 'Hvor mange percent af de Ejendomshandel og udlejning er i danske arbejdsmarked', '0,7 %', '1,3 %', '1,7 %', '1,7 %'),
(60, 'Hvor mange percent af de Erhvervsservice er i danske arbejdsmarked', '10,7 %', '10,5 %', '11,7 %', '10,7 %'),
(61, 'Hvor mange percent af de Offentlig administration, undervisning og sundhed er i danske arbejdsmarked', '30 %', '32,4 %', '42,4 %', '32,4 %'),
(62, 'Hvor mange percent af de Kultur, fritid og anden service er der i danske arbejdsmarked', '3,5 %', '4,5 %', '5,5 %', '4,5 %'),
(63, 'Hvor mange percent af de Uoplyst aktivitet er der i danske arbejdsmarked', '0,2 %', '1,2 %', '2,2 %', '0,2 %'),
(64, 'Hvem bestemmer at hvordan arbejdsmarkedet skal fungere ', 'fagforeningerne ', 'fagforeningerne og arbejdsgiver-organisationerne', 'arbejdsgiver-organisationerne', 'fagforeningerne og arbejdsgiver-organisationerne'),
(65, 'Hvilken af disse er Flexicurity', 'Let at ansætte og fyre folk', 'Fleksibel arbejdstid', 'Fleksible opgaver', 'Let at ansætte og fyre folk'),
(66, 'Hvem regulerer de fleste forhold på arbejdsmarkedet, som fx løn, arbejdstid, løn under sygdom og barsel samt pension og ret til efteruddannelse', 'Folketinget', 'Kommunerne', 'De kollektive overenskomster', 'De kollektive overenskomster'),
(67, 'Hvornår lockoutede folkeskolelærerne de kommunerne', 'I 2011', 'I 2012', 'I 2013', 'I 2013'),
(68, 'Hvor lang tid havde varet Lockouten mellem kommunerne og folkeskolelærerne  i 2013', '15 dage', '20 dage', '25 dage', '25 dage'),
(69, 'Dækker de kollektive overenskomster alle områder at regulerer de fleste forhold på arbejdsmarkedet, Fx højtuddannede ansatte', 'Ja', 'Nej', '', 'Nej'),
(70, 'Hvem bestemmer eller regulere løn og ansættelsesvilkår for dansk arbejdsmarkedet', 'Kommunerne.', 'Arbejdsgiveren.', 'Kollektive overenskomster. ', 'Kollektive overenskomster. '),
(71, 'Hvor mange percent af alle lønmodtagere var medlem af en fagforening i 2010 ', '65 %', '67 %', '85 %', '67 %'),
(72, 'Hvor mange percent af alle lønmodtagere var medlem af en fagforening i 1990', '67 %', '75 %', '85 %', '85 %'),
(73, 'Er fagforeningerne normalt opdelt efter fag og arbejdsområde', 'Ja', 'Nej', '', 'Ja'),
(74, 'Når man er blevet ansat, hvor senest skal man få et ansættelsesbevis', '2 uger', '3 uger', 'en måned ', 'en måned '),
(75, 'Ifølge Barselsorlov hvor mange ugers graviditetsorlov ret har moderen inden fødslen', '2 uger', '4 uger', '14 uger', '4 uger'),
(76, 'Ifølge Barselsorlov hvor mange ugers barselsorlov ret har moderen efter fødslen', '2 uger', '4 uger', '14 uger', '14 uger'),
(77, 'Ifølge Barselsorlov hvor mange ugers fædreorlov ret har Faderen', '2 uger', '4 uger', '14 uger', '2 uger'),
(78, 'Ifølge Barselsorlov hvor mange ugers forældreorlov med barselsdagpenge ret har forældrene tilsammen efter fødslen ', '2 uger', '32 uger', '14 uger', '32 uger'),
(79, 'Hvor mange selvstændige landbrugere var der Frem til 1960', '100.000', '150.000', '200.000', '200.000'),
(80, 'Hvor mange percent omkring er antallet af landbrugsbedrifter faldet siden 1960', '75 %', '80 %', '85 %', '80 %'),
(81, 'Hvor mange pct. af landbrugsarealet er økologisk', '6-7 pct', '7-7.5 pct', '7-8 pct', '6-7 pct'),
(82, 'Hvornår begyndte landmændene at oprette talrige små selvstændige mejerier og slagterier', 'Fra 1880\'erne', 'Fra 1885\'erne', 'Fra 1890\'erne', 'Fra 1880\'erne'),
(83, 'Hvornår blev de danske og svenske mejerier lagt sammen', 'I 1150', 'I 1200', 'I 1250', 'I 1200'),
(84, 'Hvilken af disse blev lagt sammen mellem de danske og svenske I 1200', 'Militærtjeneste', 'Mejerier', 'Vindenergi', 'Mejerier'),
(85, 'Hvilket af disse lands  mejerier blev lagt sammen med danske I 2000.', 'Norsk', 'Svensk', 'Tysk', 'Svensk'),
(86, 'Hvor mange lande landmænd er ejet af arla', '6', '7', '8', '7'),
(87, 'Hvor meget høreapparater fremstiller Danmark', 'Over en helvdel af verdens', 'Over en del af verdens', 'Over en tredjedel af verdens ', 'Over en tredjedel af verdens '),
(88, 'Hvilken af disse fremstiller Danmark over en tredjedel af verdens', 'Mejeriprodukter', 'Høreapparater ', 'Vindenergi', 'Høreapparater '),
(89, 'Hvor mange af Europas fem største vindmølleproducenter stammer fra Danmark', 'To', 'Tre', 'Fire', 'Tre'),
(90, 'Hvilken af disse stammer Danmark tre af Europas fem største.', 'Vindmølleproducenter ', 'Høreapparater ', 'Mejeriprodukter', 'Vindmølleproducenter '),
(91, 'Hvor mange percent af den samlede indkomst i Danmark (bruttonational-produktet) bruges til at finansiere sociale opgaver', '25%', '30%', '38%', '30%'),
(92, 'Hvor bruges den samlede indkomst (bruttonational-produktet) I Danmark', 'Til at finansiere sociale opgaver', 'Til helbred', 'Til uddannelse', 'Til at finansiere sociale opgaver'),
(93, 'Hvornår kan Man få folkepension', 'Fra man er 55 år', 'Fra man er 60 år', 'Fra man er 65 år', 'Fra man er 65 år'),
(94, 'Hvem får forældremyndighed over børnene når et ægtepar har børn', 'Moderen', 'Faderen', 'Forældrene fælles', 'Forældrene fælles'),
(95, 'Har en kvinde ret til at få en abort i Danmark', 'Ja', 'Nej', '', 'Ja'),
(96, 'Må man slå børnene i Danmark', 'Ja', 'Nej', '', 'Nej'),
(97, 'Hvor tidligst kan børnene få lønnet arbejde uden for hjemmet', 'Når de fylder 13 år', 'Når de fylder 14 år', 'Når de fylder 15 år', 'Når de fylder 13 år'),
(98, 'Under hvilken alder må børn ikke have lønnet arbejde uden for hjemmet', '13 år', '14 år', '15 år', '13 år'),
(99, 'Må Børnene under 13 år have lønnet arbejde uden for hjemmet', 'Ja', 'Nej', '', 'Nej'),
(100, 'Hvor tidligst kan et barn have sex i Danmark', 'Når de fylder 13 år. ', 'Når de fylder 15 år.', 'Når de fylder 18 år.', 'Når de fylder 15 år.'),
(101, 'Hvornår må børnene ikke straffes', 'Under 15 år', 'Under 16 år', 'Under 18 år', 'Under 15 år'),
(102, 'Hvor tidligst må unge købe øl og vin', 'Når man fylder 15 år', 'Når man fylder 16 år', 'Når man fylder 18 år', 'Når man fylder 16 år'),
(103, 'Hvornår må unge tidligst købe spiritus og cigaretter', 'Når de fylder 15 år', 'Når de fylder 16 år', 'Når de fylder 18 år', 'Når de fylder 18 år'),
(104, 'Hvornår er unge ifølge loven myndige', 'Når de fylder 15 år', 'Når de fylder 16 år', 'Når de fylder 18 år', 'Når de fylder 18 år'),
(105, 'Hvornår kan man begynde at få SU (Statens Uddannelsesstøtte)', 'Når man fylder 15 år', 'Når man fylder 16 år', 'Når man fylder 18 år', 'Når man fylder 18 år'),
(106, 'Hvor tidligst kan man låne penge i banken i Danmark', 'Når man fylder 15 år', 'Når man fylder 18 år', 'Når man fylder 22 år', 'Når man fylder 18 år'),
(107, 'Hvem holder sin nytårstale den 31. december', 'Statsministeren', 'Dronningen', '', 'Dronningen'),
(108, 'Hvor mange percent af befolkningen udfører frivilligt arbejde i Danmark', 'ca. 30 %', 'ca. 35 %', 'ca. 40 %', 'ca. 35 %'),
(109, 'Hvor mange forskellige højskoler er der i Danmark', '55', '65', '70', '70'),
(110, 'Hvilken af disse er omkring 70 i Danmark', 'Folkeskoler', 'Højskoler', 'Universiteter', 'Højskoler'),
(111, 'Højskoler i Danmark er inspireret af hvilken af disse', 'Karen Blixen', 'H.C. Andersen', 'N.F.S. Grundtvig', 'N.F.S. Grundtvig'),
(112, 'Hvem var N.F.S. Grundtvig ', 'En Dansk forfatter', 'En Dansk digter og præst', 'En Dansk komponist', 'En Dansk digter og præst'),
(113, 'Er behandling hos fysioterapeut gratis i Danmark', 'Ja', 'Nej', '', 'Nej'),
(114, 'Er det 100% gratis at blive behandlet på offentlige sygehuse', 'Ja', 'Nej', '', 'Ja'),
(115, 'I Danmark hvem vælger syghus, hvor man skal behandles på', 'Praktiserende læge', 'Kommune', 'Man selv vælger', 'Man selv vælger'),
(116, 'I hvilken tilfælde kan man også blive henvist til et privat sygehus', 'Hvis man skal vente mere end \"En måned\" på behandling på et offentligt sygehus', 'Hvis man skal vente mere end \"To måneder\" på behandling på et offentligt sygehus', 'Hvis man skal vente mere end \"Tre måneder\" på behandling på et offentligt sygehus', 'Hvis man skal vente mere end \"En måned\" på behandling på et offentligt sygehus'),
(117, 'Ligger Kvinder og mænd på stue sammen på et sygehus', 'Ja', 'Nej', '', 'Nej'),
(118, 'Når et barn er indlagt på sygehuset, må forældre gerne være der uden for besøgstiden', 'Ja', 'Nej', '', 'Ja'),
(119, 'Er tandpleje gratis for alle børn', 'Ja', 'Nej', '', 'Ja'),
(120, 'Op til hvornår kan børnene få gratis tandpleje i Danmark ', 'Indtil de fylder 13 år', 'Indtil de fylder 15 år', 'Indtil de fylder 18 år', 'Indtil de fylder 18 år'),
(121, 'Hvornår bliver et barn normalt indkaldt til tandlæge', 'Inden det fylder 1 år', 'Inden det fylder 2 år', 'Inden det fylder 3 år', 'Inden det fylder 2 år'),
(122, 'Hvornår får et barn i forebyggende helbredsundersøgelser hos lægen', 'Når det bliver 4 uger', 'Når det bliver 5 uger', 'Når det bliver 3 måneder', 'Når det bliver 5 uger'),
(123, 'Indtil hvornår får et barn i forebyggende helbredsundersøgelser hos lægen', 'Indtil det fylder 2 år', 'Indtil det fylder 6 år', 'Indtil det fylder 15 år', 'Indtil det fylder 15 år'),
(124, 'Børn kan blive vaccineret mod en række børnesygdomme. Er vaccinationerne gratis ', 'Ja', 'Nej', '', 'Ja'),
(125, 'Børn kan blive vaccineret mod en række børnesygdomme. Hvor gives de her vaccinationerne af', 'I hjemmet af en sundhedsplejerske', 'På Hospital', 'Hos den praktiserende læge', 'Hos den praktiserende læge'),
(126, 'Børn kan blive vaccineret mod en række børnesygdomme. Hvis man skal have særlige vaccinationer i forbindelse med en rejse til udlandet. Er vaccinationerne gratis', 'Ja', 'Nej', '', 'Nej'),
(127, 'Hvornår blev indført kvinders ret til at stemme til den lovgivende forsamling', 'I 1815', 'I 1849', 'I 1915', 'I 1915'),
(128, 'Hvor mange procent er der kvindelige medlemmerne i det danske Folketing', '30 %', '40 %', '45 %', '40 %'),
(129, 'Hvilken af disse var den første kvindelige minister i Danmark', 'Helle Thorning-Schmidt ', 'Nina Bang ', 'Fanny Jensen', 'Nina Bang '),
(130, 'Som hvad var den første kvindelige minister i Danmark', 'Undervisningsminister', 'Familie-og forbrugsminister ', 'Justitsminister', 'Undervisningsminister'),
(131, 'Hvornår blev den første kvindelige minister i Danmark', 'I 1914', 'I 1920', 'I 1924', 'I 1924'),
(132, 'Hvornor fik Danmark sin første demokratiske forfatning', 'I 1815', 'I 1849', 'I 1859', 'I 1849'),
(133, 'Hvornår var der sidste ændring i grundloven', 'I 1915', 'I 1924', 'I 1953', 'I 1953'),
(134, 'Hvonår kunne man stemme til Folketinget I 1849', 'Når man fylder 18 år', 'Når man fylder 25 år', 'Når man fylder 30 år', 'Når man fylder 30 år'),
(135, 'Hvad var der aldersgrænsen at blive valgt I 1849', '18 år', '25 år', '30 år', '25 år'),
(136, 'Hvad er aldersgrænsen I dag for at stemme og blive valgt', '17 år ', '18 år', '25 år', '18 år'),
(137, 'Hvornår arvede den Dronning Margrethe 2 tronen', 'I 1849', 'I 1953', 'I 1972', 'I 1972'),
(138, 'Hvilken af disse arvede tronen i 1972', 'Dronning Margrethe 2', 'Louise', 'Caroline Mathilde', 'Dronning Margrethe 2'),
(139, 'Hvad var \"Enevælden\" ', 'En styreform, hvor folketing havde magten alene', 'En styreform, hvor folk havde magten alene', 'En styreform, hvor Kongen havde magten alene ', 'En styreform, hvor Kongen havde magten alene '),
(140, 'Hvem var Danmarks sidste enevældige konge', 'Christian den 7.', 'Frederik den 7.', 'Frederik den 8.', 'Frederik den 7.'),
(141, 'Hvornår afgav konge Frederik 7  sin enevældige magt', 'I 1848', 'I 1849', 'I 1915', 'I 1848'),
(142, 'Hvor mange medlemmer er der i Danmarks Folketinget', '170', '175', '179', '179'),
(143, 'Hvor mange medlemmer til Folketinget er valgt i Danmark', '170', '175', '179', '175'),
(144, 'Hvor mange medlemmer til Danmarks Folketinget er valgt i Færøerne ', '2', '3', '4', '2'),
(145, 'Hvor mange medlemmer til Danmarks Folketinget er valgt i Grønland', '2', '3', '4', '2'),
(146, 'Hvornår er der spørgetid i Folketinget', 'Hver Tisdag', 'Hver Onsdag', 'Hver Torsdag', 'Hver Onsdag'),
(147, 'Hvor mange stående udvalg har folketinget', '21', '23', '25', '23'),
(148, 'Hvor mange ministre har regeringen i Danmark', 'ca.20', 'ca.23', 'ca.25', 'ca.20'),
(149, 'Hvem vælger minister i en regering ', 'Folketinget ', 'Højesterets dommer', 'Statsministeren ', 'Statsministeren '),
(150, 'Hvem bestemmer om, hvor mange minister skal være i en regering ', 'Folketinget ', 'Statsministeren ', 'Højesterets dommer', 'Statsministeren '),
(151, 'Hvad kaldes regering, når flere partier sammen har regeringsmagten', 'Mindretalregering', 'Samlingsregering', 'Koalitionsregering', 'Koalitionsregering'),
(152, 'Hvordan foregår valg til kommuner og regionsråd ', 'Først valg til kommuner ', 'Først valg til regionsråd ', 'På samme tid', 'På samme tid'),
(153, 'Hvornår foregår valg til kommuner og regionsråd', 'Hvert tredje år', 'Hvert fjerde år', 'Hvert femte år', 'Hvert fjerde år'),
(154, 'Hvor mange kommuner er der i Danmark', '90', '95', '98', '98'),
(155, 'Hvor mange medlemmer  af kommunalbestyrelsen (afhængigt af, hvad kommunalbestyrelsen har besluttet) er der', '19 og 31', '20 og 35', '25 og 40', '19 og 31'),
(156, 'Hvor mange medlemmer er der i de mindste kommuner', '5', '9', '11', '9'),
(157, 'Hvor mange medlemmer har Københavns kommune har', 'op til 31', 'op til 41', 'op til 55', 'op til 55'),
(158, 'Hvor mange regioner er der i Danmark', '3', '5', '7', '5'),
(159, 'Har regionerne i Danmark ret til at udskrive skatter', 'Ja', 'Nej', '', 'Nej'),
(160, 'Hvor mange medlemmer har regionsrådene i Danmark', '31', '41', '55', '41'),
(161, 'Hvor mange politiske niveauer er  ', 'Tre', 'Fire', 'Fem', 'Fire'),
(162, 'Hvor mange procent af de stemmeberettigede stemmer ved folketingsvalgene', 'Normalt 60% og 70%', 'Normalt 70% og 75%', 'Normalt 80% og 90%', 'Normalt 80% og 90%'),
(163, 'Hvornår holder valg til Folketinget', 'Mindst hvert Tredje år', 'Mindst hvert Fjerde år', 'Mindst hvert Femte år', 'Mindst hvert Fjerde år'),
(164, 'Har udlændinge også stemmeret til folketingsvalgvalg, hvis de har fast bopæl i Danmark i de sidste tre år inden valgdagen', 'Ja', 'Nej', '', 'Nej'),
(165, 'Har man stemmeret til folketingsvalgvalg  uden at have dansk statsborgerskab', 'Ja', 'Nej', '', 'Nej'),
(166, 'Hvornår kan man stemme til folketingsvalg', 'Når man fylder 17', 'Når man fylder 18', 'Når man fylder 20', 'Når man fylder 18'),
(167, 'Har indbyggerne på Færøerne valgret til folketing i Danmark', 'Ja', 'Nej', '', 'Ja'),
(168, 'Har indbyggerne  i Grønland valgret til folketing', 'Ja', 'Nej', '', 'Ja'),
(169, 'Har personer, som er statsborgere i et andet EU-land eller i Norge eller Island har også stemmeret til kommunal- og regionalvalg, hvis de har fast bopæl i Danmark', 'Ja', 'Nej', '', 'Ja'),
(170, 'Har udlændinge også stemmeret til kommunal- og regionalvalg, hvis de har fast bopæl i Danmark i de sidste tre år inden valgdagen', 'Ja', 'Nej', '', 'Ja'),
(171, 'Hvornår holder valg til Europa-Parlamentet', 'Hvert Tredje år', 'Hvert Fjerde år', 'Hvert Femte år', 'Hvert Femte år'),
(172, 'Foregår valget til Europa-Parlamentet for samme periode i alle EU-landene ', 'Ja', 'Nej', '', 'Ja'),
(173, 'Har man valgret til Europa- Parlamentsvalget i Danmark, hvis man er statsborger i et EU-land', 'Ja', 'Nej', '', 'Ja'),
(174, 'Hvor mange medlemmer er valgt i Danmark til Europa-Parlamentet', '11', '13', '15', '13'),
(175, 'Er der pligt til alle mænd til at være med til at forsvare landet', 'Ja', 'Nej', '', 'Ja'),
(176, 'Hvilken af disse er Værnepligt', 'Alle mænd i Danmark har pligt til at være med til folketinget valg', 'Alle mænd i Danmark har pligt til at være med til at forsvare landet', 'Alle mænd i Danmark har pligt til at have undervisning Minimum til tiende klasse', 'Alle mænd i Danmark har pligt til at være med til at forsvare landet'),
(177, 'Hvor mange unge mænd var der I 2015, der aftjente værnepligt i forsvaret', 'ca.2500', 'ca.3500', 'ca.5500', 'ca.3500'),
(178, 'Hvor mange kvinder var der I 2015, der aftjente værnepligt i forsvaret', 'ca.700', 'ca.750', 'ca.800', 'ca.800'),
(179, 'Hvornår var der ca.800 kvinder, der aftjente værnepligt i forsvaret', 'I 2011', 'I 2014', 'I 2015', 'I 2015'),
(180, 'Hvilken af disse er den danske folkekirke', 'Protestantisk', 'Katolske', '', 'Protestantisk'),
(181, 'Siden hvornår har den danske folkekirke været protestantisk ', 'Siden 1500', 'Siden 1536', 'Siden 1849', 'Siden 1536'),
(182, 'Hvor mange medlemmer af folkekirken var der i 2015', 'ca.70%', 'ca. 78%', 'ca. 80%', 'ca. 78%'),
(183, 'Hvor mange godkendte trossamfund og menigheder findes i Danmark', 'omkring 160', 'omkring 170', 'omkring 180', 'omkring 160'),
(184, 'Siden hvornår har Danmark været medlem af EU (Den Europæiske Union)', '1955', '1965', '1973', '1973'),
(185, 'Hvor mange europæiske lande er der i EU', '20', '25', '28', '28'),
(186, 'Hvor ligger EU’s hovedkvarter', 'Berlen I Tyskland', 'Paris I Frankrig', 'Bruxelles i Belgien', 'Bruxelles i Belgien'),
(187, 'Hvor mange medlemmer i alt har Europa-Parlamentet', '600', '751', '841', '751'),
(188, 'Hvor mange medlemmer har Danmark i Europa- Parlamentet', '9', '12', '13', '13'),
(189, 'Hvor mange Stemmeprocenten var der i Danmark ved valget til Europa-Parlamentet i 2014', 'lidt over 46 %', 'lidt over 56 %', 'lidt over 66 %', 'lidt over 56 %'),
(190, 'Hvor meget stemmeprocenten ved valget til Folketinget var i 2015', '54 %', '56 %', '86 %', '86 %'),
(191, 'Hvor mange europæiske lande har Europarådet', '34', '47', '51', '47'),
(192, 'Siden hvornår har Danmark været medlem til Europarådet', 'Fra starten i 1940', 'Fra starten i 947', 'Fra starten i 1949', 'Fra starten i 1949'),
(193, 'Hvornår blev FN – De Forenede Nationer (United Natioins) grundlagt', 'I 1945', 'I 1947', 'I 1949', 'I 1945'),
(194, 'Hvor mange stater i verden er der i FN - De Forenede Nationer (United Natioins)', 'omkring 150', 'omkring 200', 'omkring 264', 'omkring 200'),
(195, 'Har Danmark en fast plads i sikkerhedsrådet', 'Ja', 'Nej', '', 'Nej'),
(196, 'Hvornår startede NATO', 'I 1945', 'I 1947', 'I 1949', 'I 1949'),
(197, 'Hvornår blev Danmark medlem af NATO', 'I 1947', 'I 1949', 'I 1951', 'I 1949'),
(198, 'Blandt hvor mange de første medlemmer af NATO var Danmark', '10', '12', '15', '12'),
(199, 'Hvor mange medlemmer har NATO i dag', '25', '27', '28', '28'),
(200, 'Har Færøerne og Grønland deres egne demokratiske forsamlinger', 'Ja', 'Nej', '', 'Ja'),
(201, 'Hvor meget areal har Danmarks, når man ikke regner Grønland og Færøerne med', 'Lidt mere end 39.000 km2', 'Lidt mere end 43.000 km2', 'Lidt mere end 47.000 km2', 'Lidt mere end 43.000 km2'),
(202, 'Hvor mange større og mindre øer har Danmark', '299', '374', '400', '400'),
(203, 'Hvilken af disse er Danmarks største ø', 'Sjælland', 'Fyn', 'Nørrejyske Ø', 'Sjælland'),
(204, 'Hvor meget kystlinje har Danmark', 'Omkring 6.300 km', 'Omkring 7.300 km', 'Omkring 7.600 km', 'Omkring 7.300 km'),
(205, 'Hvor mange mennesker bor der I København', 'ca.580.000', 'ca.592.000', 'ca.600.000', 'ca.580.000'),
(206, 'Hvor mange mennesker bor der I Region Hovedstaden (København og området omkring København)', 'ca.1.3 millioner', 'ca.1.5 millioner', 'ca.1.7 millioner', 'ca.1.7 millioner'),
(207, 'Hvilken af disse er den næststørste by i Danmark', 'Odense', 'Aarhus', 'Kolding', 'Aarhus'),
(208, 'Hvor ligger Aarhus i Danmark', 'I Nordjylland ', 'På Fyn ', 'I Jylland ', 'I Jylland '),
(209, 'Hvor mange indbyggere har Aarhus', 'ca.261.000', 'ca.161.000', 'ca.1,7 millioner', 'ca.261.000'),
(210, 'Hvilken af disse er den tredjestørste by i Danmark', 'Aalborg', 'Aarhus', 'Odense', 'Odense'),
(211, 'Hvor mange indbyggere har Odense', 'ca.110.000', 'ca.174.000', 'ca.261.000', 'ca.174.000'),
(212, 'Hvor ligger Odense i Danmark', 'I Jylland ', 'På Fyn ', 'I Nordjylland ', 'På Fyn '),
(213, 'Hvilken af disse er den fjerdestørste by i Danmark', 'Aalborg', 'Odense', 'Esbjerg ', 'Aalborg'),
(214, 'Hvor ligger Aalborg i Danmark', 'I Jylland ', 'I vestjylland ', 'I nordjylland ', 'I nordjylland '),
(215, 'Hvor mange indbyggere har Aalborg', 'ca. Over 110.000', 'ca. Over 140.000', 'ca. Over 174.000', 'ca. Over 110.000'),
(216, 'Hvilken af disse den femtestørste by i Danmarkd', 'Aalborg', 'Odense', 'Esbjerg ', 'Esbjerg '),
(217, 'Hvor ligger Esbjerg i Danmark', 'I Jylland ', 'I vestjylland ', 'I nordjylland ', 'I vestjylland '),
(218, 'Hvor mange indbyggere har Esbjerg', 'ca. 72.000', 'ca. 110.000', 'ca. 121.000', 'ca. 72.000'),
(219, 'Hvilken af disse er største farvand omkring Danmark', 'Lillebælt ', 'Nordsøen ', 'Øresund ', 'Nordsøen '),
(220, 'Hvad hedder farvandet mellem Jylland og Fyn', 'Lillebælt ', 'Storebælt ', 'Nordsøen ', 'Lillebælt '),
(221, 'Hvad hedder Farvandet mellem Fyn og Sjælland', 'Lillebælt ', 'Storebælt ', 'Nordsøen ', 'Storebælt '),
(222, 'Hvad hedder Farvandet mellem Sjælland og Sverige', 'Lillebælt ', 'Storebælt ', 'Øresund', 'Øresund'),
(223, 'Til hvem forbinder Lillebæltsbroerne med', 'Jylland og Fyn ', 'Fyn og Sjælland ', 'Danmark og Sverige ', 'Jylland og Fyn '),
(224, 'Til hvem forbinder Storebæltsbroen', 'Jylland og Fyn', 'Fyn og Sjælland ', 'Danmark og Sverige ', 'Fyn og Sjælland '),
(225, 'Til hvem forbinder Øresundsbroen', 'Jylland og Fyn', 'Fyn og Sjælland ', 'Danmark og Sverige ', 'Danmark og Sverige '),
(226, 'Hvor meget meter høj ligger det højeste punkt i det danske landskab over havets overflade ', '160 meter', '170 meter', '180 meter', '170 meter'),
(227, 'Er der forbudt motorkørsel i alle skovene ', 'Ja', 'Nej', 'Bare i dem, der er farlige', 'Ja'),
(228, 'Er der Kørsel på knallert eller motorcyke tillat i skovene i Danmark', 'Ja', 'Nej', 'Kun cykle er tillat', 'Nej'),
(229, 'Hvilken af disse er gratis at gå ture', 'Alle skovene', 'Kun offentligt skovene', 'Private skovene', 'Alle skovene'),
(230, 'På hvor meget km2 dækker Nutidens Danmark', 'ca. 43.000', 'ca. 47.000', 'ca. 63.000', 'ca. 43.000'),
(231, 'Hvor mange befolkningstal har Danmark', '5.5 mio', '5.7 mio', '5.8 mio', '5.7 mio'),
(232, 'Omkring hvornår  begyndte mennesker at komme  til det område, hvor Danmark nu ligger', '10.500 f.Kr.', '11.500 f.Kr.', '12.500 f.Kr.', '12.500 f.Kr.'),
(233, 'Hvad levede af de, der kom første hvor der ligger Danmark i dag', 'Landbrug', 'Græs og planter', 'Jagt og fiskeri', 'Jagt og fiskeri'),
(234, 'Hvornår begyndte man at dyrke jorden og holde husdyr ', 'Omkring 3.700 f.Kr.', 'Omkring 3.900 f.Kr.', 'Omkring 4.000 f.Kr.', 'Omkring 4.000 f.Kr.'),
(235, 'Hvornår blev større og større dele af Danmark styret af en konge.', 'Fra omkring 700 f.Kr.', 'Fra omkring 800 f.Kr.', 'Fra omkring 900 f.Kr.', 'Fra omkring 700 f.Kr.'),
(236, 'Hvem samlede Danmark til ét rige state', 'Christian 2', 'Harald Blåtand', 'Frederik 7', 'Harald Blåtand'),
(237, 'Hvilken perioden har fået navn efter vikingerne', 'Fra ca. 800 til ca. 1100', 'Fra ca. 800 til ca. 1000', 'Fra ca. 900 til ca. 1100', 'Fra ca. 800 til ca. 1100'),
(238, 'I hvilken periode blev Danmark rigere ', 'Kong Cristian 2', 'Kong Fredrik3', 'Vikingerne', 'Vikingerne'),
(239, 'Under hvilken kong kom Kristendommen kom til Danmark', 'Christian 2', 'Harald Blåtand', 'Frederik 2', 'Harald Blåtand'),
(240, 'Hvornår blev Danmark ramt af pest', '1849', 'tidlig moderne tid', 'Middelalderen', 'Middelalderen'),
(241, 'Hvad var Pest, der slog omkring 1350 mennesker ihjel', 'En stamme', 'En sygdom', 'En kong', 'En sygdom'),
(242, 'Hvor mange mennesker slog ihjel af Pest i omkring 1350', 'Næsten en halvdel af Danmarks befolkning', 'Næsten en over tre del af Danmarks befolkning', 'Næsten en tredjedel af Danmarks befolkning', 'Næsten en tredjedel af Danmarks befolkning'),
(243, 'Hvem var Danmarks første kvindelige statsminister', 'Margrethe Vestager', ' Mette Frederiksen', 'Helle Thorning-Schmidt', 'Helle Thorning-Schmidt'),
(244, 'I 1397 blev Danmark, Norge og Sverige samlet i en union. Hvilken af disse er den her union', 'Kalmarunionen', 'Skandinaviske', 'Den nordiske pasunion', 'Kalmarunionen'),
(245, 'Hvornår blev Danmark, Norge og Sverige samlet i \"Kalmarunionen\" ', '1297', '1397', '1407', '1397'),
(246, 'Kalmarunionen blandt Danmark, Norge og Sverige varede samlet frem til', '1500', '1523', '1814', '1523'),
(247, 'Indtil hvornår fortsatte Danmark og Norge med at være sammen i Kalmarunionen', 'Helt frem til 1814', 'Helt frem til 1914', 'Helt frem til 2014', 'Helt frem til 1814'),
(248, 'Hvornår brød den danske kirke med den katolske kirke og paven i Rom ', 'I 1536', 'I 1545', 'I 1600', 'I 1536'),
(249, 'Der sidder forældrerepræsentanter i en skolebestyrelse. Sidder der også elevrepræsentanter', 'Ja', 'Nej', '', 'Ja'),
(250, 'Hvilken af disse bliver kaldt for Renæssancen', 'Da Danmark ofte var i krig med nabolandet Sverige. ', 'Da den danske kirke brød med den katolske kirke og paven i Rom', 'Da Danmark, Norge og Sverige blev samlet i Kalmarunionen ', 'Da Danmark ofte var i krig med nabolandet Sverige. '),
(251, 'Hvornår tabte Danmark Skåne, Halland og Blekinge til Sverige', 'I 1648', 'I 1658', 'I 1668', 'I 1658'),
(252, 'Hvornår regerede Christian 4.', 'Fra 1588 til 1648', 'Fra 1598 til 1658', 'Fra 1658 til 1700', 'Fra 1588 til 1648'),
(253, 'Hvad skete I slutningen af 1700-tallet  ', 'Blev der i Danmark gennemført en række landboreformer', 'Fik navn efter vikingerne ', 'Blev kaldt for renæssancen', 'Blev der i Danmark gennemført en række landboreformer'),
(254, 'Hvem af disse gav i 1848 efter for kravet om demokrati ', 'Margrethe 2.', 'Christen 7.', 'Kong Frederik 7.', 'Kong Frederik 7.'),
(255, 'Hvornår gav den Kong Frederik 7. efter for kravet om demokrati ', 'I 1840', 'I 1848', 'I 1849', 'I 1848'),
(256, 'Hvornår afgav Kong Frederik 7. sin enevældige magt og erklærede sig som konstitutionel konge', 'I 1840', 'I 1848', 'I 1849', 'I 1848'),
(257, 'Hvem af disse afgav sin enevældige magt og erklærede sig som konstitutionel konge. ', 'Christen den 7.', 'Frederik den 7.', 'Frederik den 8.', 'Frederik den 7.'),
(258, 'Hvornår blev Danmarks grundloven introduceret', 'Den 5 juni 1848 ', 'Den 5 juni 1849 ', 'Den 5 juni 1949', 'Den 5 juni 1849 '),
(259, 'Hvornår fik kvinder, fattige og mænd under 30 år stemmeret til Rigsdagen ', 'I 1915', 'I 1925', 'I 1945', 'I 1915'),
(260, 'Hvornår mistede Danmark de to hertugdømmer Slesvig og Holsten ', 'I 1764', 'I 1864', 'I 1874', 'I 1864'),
(261, 'Hvilken af disse begyndte at gå meget hurtigere efter 1870', 'Landbrug', 'Industrialiseringen ', 'Mejeri ', 'Industrialiseringen '),
(262, 'Hvad gjorde Danmark under 1. Verdenskrig (1914– 1918).', 'Støttede tyskland ', 'Var neutralt  ', 'Støttede ikke tyskland ', 'Var neutralt  '),
(263, 'Har en medarbejder altid krav på at arbejde på deltid', 'Ja', 'Nej', '', 'Nej'),
(264, 'Må en arbejdsgiver fyre en kvinde, fordi hun er gravid', 'Ja', 'Nej', '', 'Nej'),
(265, 'Hvem vælger en tillidsrepræsentant på en arbejdsplads', 'Medarbejderne.', 'Arbejdsgiveren.', 'Medarbejderne og arbejdsgiveren i forening.', 'Medarbejderne.'),
(266, 'Hvem af disse er kaldt ’dansk litteraturs far’ ', 'P.S. Krøyer ', 'Arne Jacobsen ', 'Ludvig Holberg ', 'Ludvig Holberg '),
(267, 'Hvilken af disse var en dansk forfatter ', 'P.S. Krøyer', 'Ludvig Holbergs ', 'H.C. Andersens ', 'H.C. Andersens '),
(268, 'Til hvor mange sprog er H.C. Andersens eventyr oversat', 'ca. 110', 'ca. 125', 'ca. 130', 'ca. 125'),
(269, 'Hvilken af disse er Søren Kierkegaards kendteste titler', 'Grantræet', 'Enten-eller ', 'Den Grimme Ælling ', 'Enten-eller '),
(270, 'Hvis af disse er ’Grantræet’ og ’Den Grimme Ælling’ mest kendte eventyr', 'Ludvig Holbergs', 'H.C. Andersens ', 'P.S. Krøyers ', 'H.C. Andersens '),
(271, 'Hvem af disse var en dansk kunstmaler ', 'Ludvig Holberg ', 'H.C. Andersen ', 'P.S. Krøyer', 'P.S. Krøyer'),
(272, 'Hvilken af disse var en dansk forfatter ', 'Karen Blixen ', 'P.S. Krøyer  ', 'Krøyer', 'Karen Blixen '),
(273, 'Hvad ejede og bestyrede Karen Blixen i mange år', 'Et mejeri', 'En tefarm', 'En kaffefarm ', 'En kaffefarm '),
(274, 'For hvad er Karen Blixen endnu mere kendt', 'Eventyr ', 'Historiske noveller  ', 'Maleri ', 'Historiske noveller  '),
(275, 'Hvis særlig slags historiske noveller er \"Syv fantastiske fortællinger\"', 'H.C. Andersens', 'Karen Blixens', 'P.S. Krøyers   ', 'Karen Blixens'),
(276, 'Hvad var Arne Jacobsen (1902-1971)', 'En forfatter', 'En politiker ', 'En arkitekt', 'En arkitekt'),
(277, 'Holder Påsken på faste datoer ', 'Ja', 'Nej', '', 'Nej'),
(278, 'Hvornår holder Påsken ', 'Hvert år mellem Store bededag og pinse ', 'Hvert år enten i marts eller i april', 'Hvert år efter først palmesøndag', 'Hvert år enten i marts eller i april'),
(279, 'Hvornår falder det store bededag ', 'Hvert år på den \"anden\" fredag efter påske ', 'Hvert år på den \"Tredje\" fredag efter påske ', 'Hvert år på den \"Fjerde\" fredag efter påske ', 'Hvert år på den \"Fjerde\" fredag efter påske '),
(280, 'Hvornår holdes Pinsen inden for den kristne tradition', 'Femte uge efter påsken', 'Sjette uge efter påsken', 'Syvende uge efter påsken', 'Syvende uge efter påsken'),
(281, 'Hvornår kom Helligånden ned til jorden ifølge Bibelen', 'Den sjette søndag efter påskesøndag', 'Den syvende søndag efter påskesøndag ', 'Den ottende søndag efter påskesøndag ', 'Den syvende søndag efter påskesøndag '),
(282, 'Ifølge Bibelen, hvornår kom Helligånden ned til jorden', 'Den syvende søndag efter Pinsesøndag ', 'Den syvende søndag efter Påskesøndag ', 'Den syvende søndag efter Palmesøndag ', 'Den syvende søndag efter Påskesøndag '),
(283, 'Hvornår er grundlovsdag', 'Den 3. juni', 'Den 4. juni', 'Den 5. juni', 'Den 5. juni'),
(284, 'Hvonår blev Danmarks første frie forfatning indført', 'Den 5. maj 1945  ', 'Den 5. juni 1848', 'Den 5. juni 1849 ', 'Den 5. juni 1849 '),
(285, 'Er der en officiel fridag på Grundlovsdag ', 'Ja', 'Nej', '', 'Nej'),
(286, 'Hvornår blev Danmark befriet efter fem års tysk besættelse under 2. Verdenskrig', 'I Den 5. maj 1945 ', 'I Den 5. juni 1945', 'I Den 5. juni 1849 ', 'I Den 5. maj 1945 '),
(287, 'Hvilken er den mest almindelige familieform i Danmark ', 'Kernefamilien ', 'Enlige forældre', 'Sammenbragte familier med børn i hjemmet ', 'Kernefamilien '),
(288, 'Hvilken af disse er Kernefamilien', 'Hvor forældrene ikke er gift ', 'Hvor familie kan bestå af børn fra begges tidligere ægteskaber og fælles børn fra det nuværende ægteskab. ', 'Hvor familie består af en kvinde og en mand og deres fælles børn. ', 'Hvor familie består af en kvinde og en mand og deres fælles børn. '),
(289, 'Hvilken regler gælder for ægteskab i Danmark', 'Det er tilladt at være gift med mere end én person ad gangen. ', 'Det er tilladt at være gift med mere end to personer ad gangen. ', 'Det er ikke tilladt at være gift med mere end én person ad gangen.', 'Det er ikke tilladt at være gift med mere end én person ad gangen.'),
(290, 'Er der tilladt at gifte sig med en person af sit eget køn i Danmark.', 'Ja', 'Nej', '', 'Ja'),
(291, 'Må man tvinge en person i Danmark til at gifte sig mod personens vilje. ', 'Ja', 'Nej', '', 'Nej'),
(292, 'Hvad er den mindste aldersgrænse for at blive gift i Danmark', '17 år ', '18 år ', '20 år ', '18 år '),
(293, 'Hvem besluter I Danmark om barnets navn eller religion. ', 'Far', 'Mor', 'I fællesskab', 'I fællesskab'),
(294, 'Hvor mange percent skilsmisse er det i Danmak. ', '37 % ', '45 % ', '55 % ', '45 % '),
(295, 'Er det obligatorisk for et aegtepar at få separation før en skilsmisse. ', 'Ja', 'Nej', '', 'Nej'),
(296, 'Har man ret til at gifte sig igen efter en skilsmisse. ', 'Ja', 'Nej', '', 'Ja'),
(297, 'Efter hvor mange måneders seperation, har man ret til skilsmisse. ', '3', '6', '9', '6'),
(298, 'Hvis et ægtepar med børn bliver skilt, hvem besluter om, hvordan de vil dele ansvaret for børnene.', 'Kommune ', 'Domstolene ', 'Forældrene selv ', 'Forældrene selv '),
(299, 'Kan man føde hjemme i Danmark. ', 'Ja', 'Nej', '', 'Ja'),
(300, 'Forældre til nyfødte børn får besøg af en sundhedsplejerske i hjemmet. Er  Besøgene gratis.', 'Ja', 'Nej', '', 'Ja'),
(301, 'Børn under hvilken år må normalt ikke have lønnet arbejde uden for hjemmet.', '13', '15', '18', '13'),
(302, 'Hvis man har viden om vold eller andre overgreb mod børn og unge under 18 år,  til hvem har man pligt at kontakte og anmelde det. ', 'Politi ', 'Kommune ', 'Børns Forældre', 'Kommune '),
(303, 'Hvor mange percent  af befolkningen I Danmark udfører regelmæssigt frivilligt arbejde. ', '29 % ', '35 % ', '45 % ', '35 % '),
(304, 'Hvor mange percent af befolkningen i Danmark er medlem af mindst én forening. ', '88 % ', '90 % ', '98 % ', '90 % '),
(305, 'Hvem betaler for at gå på aftenskole.', 'Kommune ', 'Man selv ', 'Forening hvor man er medlem af', 'Man selv '),
(306, 'Kan udlændinge gå på aftenskole. ', 'Ja', 'Nej', 'Kun dem, der kommer fra EU ', 'Ja'),
(307, 'Hvis man oplever forskelsbehandling på grund af fx køn eller etnisk oprindelse i strid med loven, Hvor kan man klage til. ', 'Politi ', 'Kommune ', 'Ligebehandlingsnævnet.', 'Ligebehandlingsnævnet.'),
(308, 'Hvornor begyndte at give forældre mulighed for at få deres børn passet uden for hjemmet i vuggestuer og børnehaver. ', 'Siden 1955’erne ', 'Siden 1960’erne ', 'Siden 1965’erne', 'Siden 1960’erne '),
(309, 'Hvis en person har gjort noget strafbart, hvem undersøger sager. ', 'Politi ', 'Kommune ', 'Domstolene ', 'Politi '),
(310, 'Hvis en person er mistænkt for, må politiet bruge vold eller true med vold under afhøringen.', 'Ja', 'Nej', '', 'Nej'),
(311, 'Hvordan børnene under 15 år er behandles, hvis de gør noget strafbart', 'De sættes i fængsel', 'De er dømt til at betale bøder', 'De er anbringes uden for hjemmet', 'De er anbringes uden for hjemmet'),
(312, 'Kan statsministeren afskedige en dommer, hvis de er utilfredse med, hvordan han eller hun dømmer i straffesager', 'Ja', 'Nej', '', 'Nej'),
(313, 'Hvor mange ret/retter er der på Færøerne.', '1', '2', '3', '1'),
(314, 'Hvor mange landsret eller landsretter er der i Grønland', '1', '2', '3', '1'),
(315, 'Hvor mange landsretter er der i Danmark.', '2', '3', '4', '2'),
(316, 'Hvordan en sag som regel ankes, når en sag er anket til Grønlands landsretten, og landsretten har truffet en beslutning', 'Sagen må ankes til Danmarks øverste domstol ', 'Sagen må ankes til Danmarks Højesteret ', 'Sagen må ikke ankes til  Danmarks øverste domstol eller højesteret. ', 'Sagen må ikke ankes til  Danmarks øverste domstol eller højesteret. '),
(317, 'Hvis en sag er startet med behandling i landsretten, kan den som regel ankes til Højesteret. ', 'Ja', 'Nej', '', 'Ja'),
(318, 'Er der normalt offentlig adgang til retssalen, når en sag behandles. ', 'Ja', 'Nej', '', 'Ja'),
(319, 'Kan dommeren nægte en person adgang til retssalen,  hvis det er nødvendigt for at få en sand forklaring af et vidne. ', 'Ja', 'Nej', '', 'Ja'),
(320, 'Kan dommeren nægte en persons adgang til retssalen,  hvis personen er beruset.', 'Ja', 'Nej', '', 'Ja'),
(321, 'Kan visse sager behandles bag lukkede døre. ', 'Ja', 'Nej', '', 'Ja'),
(322, 'Hvad er hårdeste straf i Danmark. ', 'Dødsstraf ', 'Fængsel med bøde ', 'Fængsel på livstid', 'Fængsel på livstid'),
(323, 'Hvem fastsætter betingelser for fængselsstraf. ', 'Politi ', 'Domstolene ', 'Folketinget ', 'Domstolene '),
(324, 'Hvad betyder en ubetinget fængselsstraf', 'At fængselsstraffen skal betales en bøde ', 'At fængselsstraffen skal have fysisk straf', 'At fængselsstraffen skal afsones ', 'At fængselsstraffen skal afsones '),
(325, 'Betinget fængselsstraf bruges ofte for personer,', 'der ikke før har haft straffet, og for mindre alvorlige forbrydelser ', 'der har haft straffet mange gang ', 'der har alvorlige forbrydelser', 'der ikke før har haft straffet, og for mindre alvorlige forbrydelser '),
(326, 'Efter hvor lang slettes oplysninger på den private straffeattest', '2-5 år ', '3-5 år ', '3-6 år', '2-5 år '),
(327, 'Er det gratis at køre på alle veje og broer i Danmark. ', 'Ja', 'Nej', '', 'Nej'),
(328, 'Hvor meget percent moms er der på daglig varer i Danmark. ', '23 % ', '25 % ', '36 % ', '25 % '),
(329, 'Har den danske folkekirke  politisk magt. ', 'Ja', 'Nej', '', 'Nej'),
(330, 'Kan man  blive medlem af folkekirken uden at være døbt. ', 'Ja', 'Nej', '', 'Nej'),
(331, 'Kan forældrene vælge, at deres  barn ikke skal døbes. ', 'Ja', 'Nej', '', 'Ja'),
(332, 'Kan man melde sig ud at være døbt i Danmark. ', 'Ja', 'Nej', '', 'Ja'),
(333, 'Hvem kan vælge, at et barn ikke skal døbes. ', 'Politi ', 'Kommune ', 'Forældrene', 'Forældrene'),
(334, 'Kan en gruppe borgere danne en menighed eller et trossamfund i Danmark. ', 'Ja', 'Nej', '', 'Ja'),
(335, 'Kan staten forbyde et trossamfund, hvis det overholder nogle grundlæggende regler. ', 'Ja', 'Nej', '', 'Nej'),
(336, 'Findes der godkendte trossamfund og menigheder andre end kristne i Danmark. ', 'Ja', 'Nej', '', 'Ja'),
(337, 'Har Danmark militært samarbejde med EU-lande. ', 'Ja', 'Nej', '', 'Nej'),
(338, 'Har Danmark Retligt samarbejde med EU-lande. ', 'Ja', 'Nej', '', 'Nej'),
(339, 'Hvor vedtages EU\'s overordnede politiske retningslinjer ', 'I det Europæiske Råd ', 'I Ministerrådet ', 'I Europa-Parlamentet', 'I det Europæiske Råd '),
(340, 'Hvem  kommer med forslag til ny lovgivning i EU. ', 'Det Europæiske Råd ', 'Europa-Kommissionen ', 'Europa-Parlamentet ', 'Europa-Kommissionen '),
(341, 'Hvem forhandler og vedtager lovgivningen i EU. ', 'Det Europæiske Råd ', 'Europa-Kommissionen ', 'Ministerrådet og Europa-Parlamentet ', 'Ministerrådet og Europa-Parlamentet '),
(342, 'Hvilken afdeling af EU er delt op i forskellige politiske områder – fx miljø, økonomi og landbrug. ', 'Det Europæiske Råd ', 'Europa-Kommissionen ', 'Europa-Parlamentet', 'Europa-Kommissionen '),
(343, 'Hvem vælger medlemmer af Europa-Parlamentet. ', 'Medlemslandenes Statsminister ', 'Medlemslande Parlamentet', 'Alle statsborgere i EU. ', 'Alle statsborgere i EU. '),
(344, 'Hvor meget af jordener er brugt til landbrug i dag i Danmark', 'Næsten to tredjedele ', 'Næsten en tredjedele', 'Næsten en andendele ', 'Næsten to tredjedele '),
(345, 'Danmark er mest dækket med. ', 'Skov ', 'Grøntsager ', 'Ler og sand.', 'Ler og sand.'),
(346, 'Hvor mange bjerge er der i Danmark. ', 'En tredjedele ', 'En fjerdedele ', 'Ingen', 'Ingen'),
(347, 'Hvem  har ansvaret for, at borgerne kan komme af med deres affald på en ordentlig måde. ', 'Beboer selv', 'Kommune ', 'Politi', 'Kommune '),
(348, 'Hvem laver reglerne, der handler om, hvordan forskellige typer affald skal indsamles, og hvor det skal afleveres. ', 'Kommunerne ', 'Ministerium for miljø', 'Boligselskaber', 'Kommunerne '),
(349, 'Giver staten økonomisk støtte til den offentlige transport. ', 'Ja', 'Nej', '', 'Ja'),
(350, 'Må man øve sig i at køre bil med andre, der har kørekort. ', 'Ja', 'Nej', '', 'Nej'),
(351, 'Er det strafbart, at ikke bruge sikkerhedssele, mens du sidder på bagsædet', 'Ja', 'Nej', '', 'Ja'),
(352, 'Kan man få en bøde, hvis barnestol ikke passer til barnets højde, alder og vægt ', 'Ja', 'Nej', '', 'Ja'),
(353, 'Kan man få en bøde, hvis man har børn med i bilen, som ikke er spændt korrekt fast ', 'Ja', 'Nej', '', 'Ja'),
(354, 'Kan man få flere klip i sit kørekort  på én gang. ', 'Ja', 'Nej', '', 'Ja'),
(355, 'Spørger skolen elevrådet, hvad det mener om større beslutninger på skolen. ', 'Ja', 'Nej', '', 'Ja'),
(356, 'Hvor mange repræsentanter fra eleverne sidder med i skolebestyrelsen. ', '2', '3', '4', '2'),
(357, 'Hvem fastsater mål for, hvad eleverne skal lære i alle fag i skole. ', 'Skoleforvaltning ', 'Kommune ', 'Ministeriet for Børn og Undervisning ', 'Ministeriet for Børn og Undervisning '),
(358, 'Hvis en elev har brug for særlig støtte i mere end 12 skoletimer om ugen, skal eleven have tilbudt specialundervisning. Er det gratis. ', 'Ja', 'Nej', '', 'Ja'),
(359, 'Hvilken organisation arbejder blandt andet for fri handel mellem medlemslandene', 'NATO', 'FN', 'EU', 'EU'),
(360, 'Har kvinder normalt mulighed for at få økonomisk støtte under barselsorlov', 'Ja', 'Nej', '', 'Ja'),
(361, 'Hvilken arkitekt har tegnet Danmarks Nationalbank i København', 'Arne Jacobsen', 'Henning Larsen', 'Jørn Utzon', 'Arne Jacobsen'),
(362, 'Hvilken instans står normalt for at drive de offentlige børnehaver og vuggestuer', 'Staten', 'Regionerne', 'Kommunerne', 'Kommunerne'),
(363, 'Hvornår kan man tidligst få SU (Statens Uddannelsesstøtte)', '15 år', '18 år', '21 år', '18 år'),
(364, 'Hvad markeres hvert år den 5. maj', 'Sønderjylland blev genforenet med Danmark', 'Danmark blev befriet efter Anden Verdenskrig', 'Den danske kvindebevægelse blev stiftet', 'Danmark blev befriet efter Anden Verdenskrig'),
(365, 'I 1700-tallet blev der gennemført nogle reformer. De betød blandt andet, at bønderne selv kunne bestemme, hvor de ville arbejde og bo. Hvilke reformer er der tale om', 'Velfærdsreformer', ' Kommunalreformer', 'Landboreformer', 'Landboreformer'),
(366, 'DA og LO indgår aftaler for store dele af arbejdsmarkedet. Aftalerne drejer sig om fx løn, arbejdstid og ferie. Hvad hedder disse aftaler', 'Arbejdspladsvurderinger', 'Kollektive overenskomster', '', 'Kollektive overenskomster'),
(367, 'Er Danmark medlem af NATO', 'Ja', 'Nej', '', 'Ja'),
(368, 'Hvem har ansvaret for de offentlige vuggestuer', 'Kommunerne ', 'Regionerne', 'Staten', 'Kommunerne '),
(369, 'Til hvem skal man underrette, før man holder en demonstration', 'Kommunen', 'Politiet', 'Domstolen', 'Politiet'),
(370, 'Er det normalt gratis at få hospitalsbehandling', 'Ja', 'Nej', '', 'Ja'),
(371, 'Hvornår blev reformationen gennemført i Danmark', 'I 1055', 'I 1336', 'I 1536', 'I 1536'),
(372, 'Skal folketingets medlemmer være medlem af et politisk parti', 'Ja', 'Nej', '', 'Nej'),
(373, 'Hvornår levede forfatteren H.C.Andersen', '1805-1875', '1855-1925', '1905-1975', '1805-1875'),
(374, 'Hvor mange timers ugentlige arbejde betragtes som fuldtidsarbejde', '30', '37', '40', '37'),
(375, 'Må man danne en forening, hvis man ikke er dansk statsborger', 'Ja', 'Nej', '', 'Ja'),
(376, 'Hvem har dømmende magt', 'Regeringen', 'Domstolene ', 'Folketinget ', 'Domstolene '),
(377, 'Hvordan er stemmeprocenten normalt i Danmark ved valg til Europa-Parlimentet', 'På samme niveau som ved folketingsvalg', 'Højere end ved folketingsvalg', 'Lavere end ved folketingsvalg', 'Lavere end ved folketingsvalg'),
(378, 'Kan to af samme køn blive gift I den danske folkekirke', 'Ja', 'Nej', '', 'Ja'),
(379, 'Hvilken tradition fejres hvert år den 23.juni', 'Karnevalsfest', 'Grundlovsdag', 'Sankthansaften', 'Sankthansaften'),
(380, 'Er undervisningen gratis på de offentlige gymnasier', 'Ja', 'Nej', '', 'Ja'),
(381, 'Hvad er straffeattest', 'Et dokument, man skal udfylde, hvis man ønsker at blive dansk statboger ', 'Et dokument, der viser, om man har vært straffet', 'Et dokument, man skal vise politiet, hvis man bliver anholdt', 'Et dokument, der viser, om man har vært straffet'),
(382, 'Er vaccinationer mod børnesygdomme normalt gratis', 'Ja', 'Nej', '', 'Ja'),
(383, 'Hvad er det danske firma Siemens særlig kendt for at producere', 'Høreapparater', 'Vindmøller', 'Medicin', 'Vindmøller'),
(384, 'Har mænd normalt ret til at tage fædreorlov, når de er blevet fædre', 'Ja', 'Nej', '', 'Ja');
INSERT INTO `questions` (`id`, `question`, `op1`, `op2`, `op3`, `answer`) VALUES
(385, 'Til vhilken børn er typisk en dagpleje', ' børn fra ca. fire måneder til ca. tre år', ' børn fra ca. seks måneder til ca. tre år', ' børn fra ca. tolv måneder til ca. tre år', ' børn fra ca. seks måneder til ca. tre år'),
(386, 'Kommer der  alle småbørn i vuggestue', 'Ja', 'Nej', '', 'Nej'),
(387, 'Har alle børn ret til en plads i et dagtilbud', 'Ja', 'Nej', '', 'Ja'),
(388, 'Hvor mange percent af den samlede indkomst i Danmark (bruttonational-produktet) bruges til at finansiere sociale opgaver', ' Omkring 30 %', ' Omkring 36 %', ' Omkring 44 %', ' Omkring 30 %'),
(389, 'Hvor læng varer som regel en skole-hjem-samtale', 'Omkring 15 minutter', 'Omkring 30 minutter', 'Omkring 45 minutter', 'Omkring 15 minutter'),
(390, 'Får man løn både i praktiktiden og i skoletiden, når man har en uddannelsesaftale med en virksomhed i en erhvervsuddannelse', 'Ja', 'Nej', '', 'Ja'),
(391, 'Kan udlændinge, dem der ikke har statsmedborger, må få SU (Statens Uddannelsesstøtte)', 'Ja', 'Nej', '', 'Ja'),
(392, 'Hvem har værnepligt i Danmark', 'Alle mænd', 'Alle kvinder', 'Alle mænd og kvinder', 'Alle mænd'),
(393, 'Inviteres kvinder til ”Forsvarets dag”', 'Ja', 'Nej', '', 'Ja'),
(394, 'Hvor længe varer normalt Værnepligt  i Forsvaret', 'Fire måneder', 'Seks måneder', 'Ni måneder', 'Fire måneder'),
(395, 'Hvor længe varer normalt Værnepligt  i Beredskabsstyrelsen', 'Fire måneder', 'Seks måneder', 'Ni måneder', 'Ni måneder'),
(396, 'Har et godkendt trossamfund og dets medlemmer nogle økonomiske fordele. FX at trække deres økonomiske bidrag fra i skat.  ', 'Ja', 'Nej', '', 'Ja'),
(397, 'Når et barn er født i Danmark, hvor registreres navn og fødsel', 'Hos Kommune', 'Hos Folkekirken', 'Hos Politiet', 'Hos Folkekirken'),
(398, 'Hvilken af disse er det sydligste punkt i Danmark', 'Bornholm', 'Ertholmene', 'Blåvands Huk', 'Blåvands Huk'),
(399, 'Hvor mange år tilbage ligger de tidligste tegn på menneskelig tilstedeværelse i dagens Danmark', '100.000 år', '150.000 år', '200.000 år', '100.000 år'),
(400, 'Hvornår indførtes enevælden I Danmark', 'I 1648', 'I 1658', 'I 1660', 'I 1660'),
(401, 'Hvor mange personer udgjorde indvandrere og visse efterkommere i alt I 1. januar 2016', '700.873 personer', '703.873 personer', '705.873 personer', '703.873 personer'),
(402, 'Hvornår blev jægerstenalderen afløst af bondestenalderen', 'ca 1000 f.Kr.', 'ca 3000 f.Kr.', 'ca 4000 f.Kr.', 'ca 4000 f.Kr.'),
(403, 'Hvornår kom industrialiseringen i gang i Danmark', 'Omkring 1860', 'Omkring 1865', 'Omkring 1870', 'Omkring 1870'),
(404, 'Hvad fremstiller den en af mest kendte danske virksomhed LEGO', 'Medicin', 'Byggeklodser', 'Høreapparater', 'Byggeklodser'),
(405, 'Har Danmark haft særligt mange store industrivirksomheder, sammenlignet med de fleste andre lande i Vesteuropa', 'Ja', 'Nej', '', 'Nej'),
(406, 'Hvilken slags land har Danmark traditionelt været', 'Industriland', 'Landbrugsland', '', 'Landbrugsland'),
(407, 'Hvilken af disse har traditionelt været stor eksport af Danmark', 'Høreapparater', 'Vindmøller', 'Fødevarer', 'Fødevarer'),
(408, 'Hvor mange pct er der faldet i antallet af landbrugsbedrifter siden 1960', 'Omkring 60 pct.', 'Omkring 65 pct.', 'Omkring 80 pct.', 'Omkring 80 pct.'),
(409, 'Hvor stor er arla i Tyskland', 'En af de tre største', 'En af de fire største', 'En af de fem største', 'En af de tre største'),
(410, 'Hvad er Mærsk', 'En vindmølleproducent', 'Et rederi', 'En høreapparat producent', 'Et rederi'),
(411, 'Udvinder Mærsk også olie', 'Ja', 'Nej', '', 'Ja'),
(412, 'Hvad fremstiller Nordisk', 'Høreapparater', 'Vindmøller', 'Insulin', 'Insulin'),
(413, 'Hvad udgør de tre største danske producenter GN Store Nord (GN Resound), William Demant (Oticon) og Widex', 'Høreapparat-producenter', 'Vindmølle-producenter', 'Byggeklods-producenter', 'Høreapparat-producenter'),
(414, 'Hvem gav inspiration til en hel folkebevægelse af små vindmøllefabrikanter', ' William Demant (Oticon) og Widex', ' Gedser-mølle og Tvindmøllen', 'GN Resound', ' Gedser-mølle og Tvindmøllen'),
(415, 'Hvem er den øverste politiske leder af en kommune', 'En borgmester', 'En kommunaldirektør', 'En major', 'En borgmester'),
(416, 'Hvad kaldes formanden for kommunalbestyrelsen', 'En major', 'En borgmester', 'En kommunaldirektør', 'En borgmester'),
(417, 'Hvem leder landets kommuner', 'Kommunalbestyrelser', 'Regionsråd', 'Folketinget ', 'Kommunalbestyrelser'),
(418, 'Hvem er ansvarlig for lokal selvstyre', 'Kommunalbestyrelserne', 'Regionsrådene', 'Begge to', 'Begge to'),
(419, 'Hvem har normalt ansvaret for de offentlige vuggestuer', 'Kommunerne ', 'Regionerne', 'Staten', 'Kommunerne '),
(420, 'Hvem har normalt ansvaret for de offentlige folkeskoler', 'Staten', 'Regionerne', 'Kommunerne', 'Kommunerne'),
(421, 'Hvem har normalt ansvaret for de offentlige børnehaver', 'Kommunerne ', 'Regionerne', 'Staten', 'Kommunerne '),
(422, 'Har homoseksuelle ret til at gifte sig i kirke', 'Ja', 'Nej', '', 'Ja'),
(423, 'Hvad er den anden ord for fastelavn', 'Halloween', 'Karneval', 'Sankt Hans', 'Karneval'),
(424, 'Hvilken af disse fester går helt tilbage til oldtidens Romerrige og Ægypten', 'Halloween', 'Karneval', 'Påske', 'Karneval'),
(425, 'Hvilken af disse fester er fejres ved, at børnene klæder sig ud og slår katten af tønden', 'Halloween', 'Sankthans', 'Fastelavn', 'Fastelavn'),
(426, 'I vore dage er der tradition for at fejre fastelavn ved, at børnene klæder sig ud og slår katten af tønden. Hvad kaldes ham, der slår det sidste bræt af tønden', 'kattekonge', 'katteprins', 'katteven', 'kattekonge'),
(427, 'Hvornår fejres fastelavn', 'Syv uger før halloween', 'Syv uger før pinse', 'Syv uger før påske', 'Syv uger før påske'),
(428, 'Hvordan fejres påsken', 'Ved at børnene klæder sig ud og slår katten af tønden', 'Ved at gudstjenester og koncerter i kirkerne', 'Ved at brænde bål', 'Ved at gudstjenester og koncerter i kirkerne'),
(429, 'Hvornår falder den store bededag hver år', 'På den fjerde fredag efter pinse', 'På den fjerde fredag efter påske', 'I enten marts eller april', 'På den fjerde fredag efter påske'),
(430, 'Hvornår fejres sankthans', 'Syv uger før påske', 'Den 5. juni', 'Den 23. juni', 'Den 23. juni'),
(431, 'Hvordan fejres Sankthans (En mærkedag) ', 'Man samles og tænder bål og afbrænder dukker, der forestiller hekse  ', 'Der holdes gudstjenester i kirkerne over hele landet', 'Man samles til frokoster, hvor man spiser en stor frokost og ofte drikker en særlig øl', 'Man samles og tænder bål og afbrænder dukker, der forestiller hekse  '),
(432, 'Er den \"Grundlovsdag\" en officiel fridag', 'Ja', 'Nej', '', 'Nej'),
(433, 'Er den \"1. maj\" en officiel fridag', 'Ja', 'Nej', '', 'Nej'),
(434, 'Efter hvor mange års tysk besættelse under 2. Verdenskrig blev Danmark befriet', '4 år', '5 år', '6 år', '5 år'),
(435, 'På hvilken dag sætter mange dansker stearinlys i vinduerne', 'På den 5. maj, fordi Danmark blev befriet efter fem års tysk besættelse under 2. Verdenskrig', 'På Påske dage, som Jesus blev korsfæstet og døde, og at han opstod fra de døde', 'På Den 5. juni, som Danmarks første frie forfatning blev indført', 'På den 5. maj, fordi Danmark blev befriet efter fem års tysk besættelse under 2. Verdenskrig'),
(436, 'Hvordan fejres den amerikanske tradition halloween', 'Folk samles og tænder bål og afbrænder dukker, der forestiller hekse', 'Børnene klæder sig ud og slår katten af tønden', 'Børnene klæder sig ud som hekse, spøgelser eller lignende', 'Børnene klæder sig ud som hekse, spøgelser eller lignende'),
(437, 'Hvornår spiser man lam og usyret brød som tradition', 'På den sankthans', 'På den jødisk påske', 'På den store bededag', 'På den jødisk påske'),
(438, 'Har man normalt fri fra arbejde og skole på 2. pinsedag', 'Ja', 'Nej', '', 'Ja'),
(439, 'Hvem af disse var en dansk filminstruktør', 'Thomas Vinterberg', 'Carl Nielsen', 'Søren Kierkegaard', 'Thomas Vinterberg'),
(440, 'Hvem af disse er kendt for ’funktionalisme’', 'Ludvig Holberg', 'Thomas Vinterberg', 'Arne Jacobsen ', 'Arne Jacobsen '),
(441, 'Hvem har tegnet ’Ægget’ (den  lænestol)', 'Thomas Vinterberg', 'Arne Jacobsen', 'H.C. Andersen', 'Arne Jacobsen'),
(442, 'Hvor blev født H.C. Andersen', 'København', 'Odense', 'Roskilde', 'Odense'),
(443, 'Hvornår flyttede H.C. Andersen til København', 'Da han var 14 år', 'Da han var 16 år', 'Da han var 21 år', 'Da han var 14 år'),
(444, 'Hvilken af disse er en komedie af Ludvig Holberg', 'Jens Vejmand', 'Jeppe på Bjerget', 'Enten-eller', 'Jeppe på Bjerget'),
(445, 'Hvem af disse blev berømt i Europa med romanen ’Niels Klims underjordiske rejse’', 'Karen Blixen', 'Carl Nielsen', 'Ludvig Holberg', 'Ludvig Holberg'),
(446, 'Hvor P.S. Krøyer blev uddannet', 'På Københavns Universitet', 'På Aalborg University', 'På Kunstakademiet i København', 'På Kunstakademiet i København'),
(447, 'Hvis tanker om menneskets eksistens har påvirket folk i mange lande helt op til i dag', 'Søren Kierkegaard', 'Ludvig Holberg', 'Carl Nielsen', 'Søren Kierkegaard'),
(448, 'Hvis bog er ’Den afrikanske farm’', 'Thomas Vinterberg', 'Karen Blixen', 'Søren Kierkegaard', 'Karen Blixen'),
(449, 'Hvilken af disse blevet filmatiseret i USA', 'Den afrikanske farm', 'Solen er så rød', 'Jeppe på Bjerget', 'Den afrikanske farm'),
(450, 'Hvornår blev Danmark officielt befriet af britiske tropper', 'Den 9. april 1943', 'Den 5. maj 1945  ', 'Den 5. juni 1945', 'Den 5. maj 1945  '),
(451, 'Hvad er valgkongedømme', 'Hvor kongen bliver valgt af adelen', 'Hvor kongemagten går automatisk i arv inden for kongehuset', 'Hvor kongen får hele magten i landet', 'Hvor kongen bliver valgt af adelen'),
(452, 'Hvad er arveligt monarki', 'Hvor kongen bliver valgt af adelen', 'Hvor kongemagten går automatisk i arv inden for kongehuset', 'Hvor kongen får hele magten i landet', 'Hvor kongemagten går automatisk i arv inden for kongehuset'),
(453, 'Hvad er enevældig', 'Hvor kongen bliver valgt af adelen', 'Hvor kongemagten går automatisk i arv inden for kongehuset', 'Hvor kongen får hele magten i landet', 'Hvor kongen får hele magten i landet'),
(454, 'Ifølge arveligt monarki, hvem får arvede titlen som konge', 'Kongens ungste søn', 'Kongens ældste søn', 'Kongens næste ældste bror', 'Kongens ældste søn'),
(455, 'Hvornår blev kongen enevældig', 'I 1660', 'I 1661', 'I 1662', 'I 1661'),
(456, 'Hvornår sluttede enevælden', '1660', '1700', '1848', '1848'),
(457, 'Fik bønderne politiske rettigheder, da en række landboreformer blev gennemført I slutningen af 1700-tallet', 'Ja', 'Nej', '', 'Nej'),
(458, 'Hvad betød reformerne, der blev gennemført i slutningen af 1700-talle', 'Det betød bl.a., at bønderne nu selv kunne bestemme, hvor de ville arbejde og bo', 'Det betød bl.a., at bønderne ikke kunne eje deres egen jord', 'Det betød bl.a., at bønderne havde politiske rettigheder', 'Det betød bl.a., at bønderne nu selv kunne bestemme, hvor de ville arbejde og bo'),
(459, 'Hvornår landboreformerne blev gennemført I Danmark', 'I slutningen af 1600-tallet', 'I slutningen af 1700-tallet', 'I slutningen af 1800-tallet', 'I slutningen af 1700-tallet'),
(460, 'Efter landboreformerne blev gennemført I slutningen af 1700-tallet, hvem havde politiske rettigheder', 'Befolkningen', 'De rige mennesker og kongen', 'Kun kongen', 'Kun kongen'),
(461, 'Hvornår regerede den Christian 4.', 'Fra 1588 til 1648', 'Fra 1660 – 1748', 'Fra 1700 til 1848', 'Fra 1588 til 1648'),
(462, 'Hvilken af disse konger er kendt for sin store byggelyst', 'Frederik den 7.', 'Christian den 4.', 'Den Harald Blåtand', 'Christian den 4.'),
(463, 'Under hvilken af disse blev Danmark, Norge og Sverige samlet i Kalmarunionen ', 'Dronning Margrete 1', 'Dronning elizabeth 2', 'Kong Harald Blåtand', 'Dronning Margrete 1'),
(464, 'Hvornår blev kong Harald Blåtand døbt', 'Omkring 651', 'Omkring 961', 'Omkring 1010', 'Omkring 961'),
(465, 'Hvem var den først kong, der blev døbt', 'christian den 2', 'Frederik', 'Harald Blåtand', 'Harald Blåtand'),
(466, 'Hvilken begivenhed kalder man for Reformationen', 'Da Danmark ofte var i krig med nabolandet Sverige. ', 'Da den danske kirke brød med den katolske kirke og paven i Rom', 'Da Danmark, Norge og Sverige blev samlet i Kalmarunionen ', 'Da den danske kirke brød med den katolske kirke og paven i Rom'),
(467, 'Hvornår blev indført protestantismen i Danmark', 'Med Reformationen', 'Med Kalmarunionen', 'Med Renæssancen', 'Med Reformationen'),
(468, 'Hvilken af disse er den Renæssancen periode', 'ca. 1100 – ca. 1500', 'ca. 1536 – ca. 1660', 'ca. 1660 – ca. 1848', 'ca. 1536 – ca. 1660'),
(469, 'Hvornår opstod der rigtige byer i Danmark', 'Fra omkring 12.500 f.Kr.', 'Fra omkring 3.900 f.Kr. ', 'Fra omkring 400 e.Kr.', 'Fra omkring 400 e.Kr.'),
(470, 'Hvornår gik man over til at dyrke jorden og holde husdyr i Danmark', 'Omkring 12.500 f.Kr.', 'Omkring 3900 f.Kr.', 'Omkring 400 e.Kr.', 'Omkring 3900 f.Kr.'),
(471, 'Hvem kalder man for Danmarks dåbsattest', 'Jagt og fiskeri', 'En sten, der ligger i Jelling i Jylland', 'Vikingernes', 'En sten, der ligger i Jelling i Jylland'),
(472, 'Hvordan var forholdet mellem konger og stormændene (de rigeste mænd i landet) I løbet af Vikingetiden', 'Kongen havde mere magt. Derfor var stormændene afhængige af kongen', 'Begge to havde magt. Derfor var de god venner', 'Stormændene var utilfredse med kongen, så der var tit konflikter mellem dem og kongen', 'Stormændene var utilfredse med kongen, så der var tit konflikter mellem dem og kongen'),
(473, 'Hvad er en kaskoforsikring', 'Den dækker fx de skader, man laver på andre biler', 'Den dækker bl.a. skader på egen bil', '', 'Den dækker bl.a. skader på egen bil'),
(474, 'Er der kaskoforsikring obligatorisk i Danmark for dem, der ejer en bil', 'Ja', 'Nej', '', 'Nej'),
(475, 'Hvornår skal man bestå både en teoretisk og praktisk prøve inden for tre måneder for at beholde kørekortet', 'Når man får tre klip i sit kørekort inden for en periode på tre år', 'Når man får fire klip i sit kørekort inden for en periode på tre år', 'Når man får fem klip i sit kørekort inden for en periode på tre år', 'Når man får tre klip i sit kørekort inden for en periode på tre år'),
(476, 'Hvor mange større broer er der i Danmark', '2', '3', '30', '30'),
(477, 'Må man normalt opholde sig i private skove om natten', 'Ja', 'Nej', '', 'Nej'),
(478, 'Har Danmark været medlem af FN’s sikkerhedsråd', 'Ja', 'Nej', '', 'Ja'),
(479, 'Kan sikkerhedsrådet indføre økonomiske eller militære sanktioner mod et land', 'Ja', 'Nej', '', 'Ja'),
(480, 'Kan man klage til Den Europæiske Menneskerettighedsdomstol uden at klage og anke, som findes i det enkelte land', 'Ja', 'Nej', '', 'Nej'),
(481, 'Hvor mange lander i EU har en EU-kommissær', '5', '17', 'Hvert land', 'Hvert land'),
(482, 'Hvert land i EU har et antal pladser i Europa-Parlamentet. Hvad afspejler den her antal pladser', 'Landets indbyggertal', 'Landets økonomi', 'Landets militære styrke', 'Landets indbyggertal'),
(483, 'Danner de danske en særlig dansk gruppe I Europa-Parlamentet', 'Ja', 'Nej', '', 'Nej'),
(484, 'Har EU indflydelse på medlemslandenes landbrugspolitik', 'Ja', 'Nej', '', 'Ja'),
(485, 'Bliver den danske folkekirke understøttet af staten', 'Ja', 'Nej', '', 'Ja'),
(486, 'Kan man godt blive gift i folkekirken, hvis man ikke er medlem af folkekirken', 'Ja', 'Nej', '', 'Ja'),
(487, 'Kan man blive begravet på en dansk kirkegård, hvis man ikke er medlem af folkekirken', 'Ja', 'Nej', '', 'Ja'),
(488, 'Kan man få en kirkelig begravelse, hvor en præst medvirker, hvis man ikke er medlem', 'Ja', 'Nej', '', 'Nej'),
(489, 'Hvad er en borgerlig begravelse', 'En kirkelig begravelse, hvor en præst medvirker', 'En begravelse, hvor pårørende selv stå for begravelsesritualet og fx arrangere taler, musik og sange', '', 'En begravelse, hvor pårørende selv stå for begravelsesritualet og fx arrangere taler, musik og sange'),
(490, 'Få et politisk parti penge af staten I Danmark', 'Ja', 'Nej', '', 'Ja'),
(491, 'Må man blevet valgt til Folketinget uden at være medlem af et politisk parti', 'Ja', 'Nej', '', 'Ja'),
(492, 'Kan man stemme inden valget I Danmark', 'Ja', 'Nej', '', 'Ja'),
(493, 'Hvor kan man stemme ved brevstemme', 'I kommune ', 'Alle steder i region ', 'Alle steder i landet', 'Alle steder i landet'),
(494, 'Hvad tager sig regionsrådene først og fremmest af', 'Folkeskolerne', 'Sygehusene', 'Politiet', 'Sygehusene'),
(495, 'Har hvert regionsråd samme antal medlemmer', 'Ja', 'Nej', '', 'Ja'),
(496, 'Kan en person være minister for mere end ét ministerium I Danmark', 'Ja', 'Nej', '', 'Ja'),
(497, 'Hvad er støttepartier', 'De partier, der har sammen regeringsmagten i regeringen', 'De partier uden for regeringen, der støtter en flertalsregering', 'De partier uden for regeringen, der støtter en mindretalsregering', 'De partier uden for regeringen, der støtter en mindretalsregering'),
(498, 'Hvor arbejder dansk folketinget', 'På Rosenborg i København', 'På Christiansborg i København', 'På Frederiksberg i København', 'På Christiansborg i København'),
(499, 'Kan man sidde på tilhørerpladserne og overvære politikernes diskussioner i Folketinget', 'Ja', 'Nej', '', 'Ja'),
(500, 'Kan det blive noteret på straffeattesten, hvis man bliver straffet i udlandet', 'Ja', 'Nej', '', 'Ja'),
(501, 'Hvor mange byretter er der i Danmark', '3', '18', '24', '24'),
(502, 'Hvad er et samarbejdsudvalg', 'Et samarbejde i en virksomhed mellem ledelsen og de ansatte', 'Et samarbejde mellem ledere i det offentlige og private', '', 'Et samarbejde i en virksomhed mellem ledelsen og de ansatte'),
(503, 'Hvor længe varede enevælde', '200 år', '300 år', '500 år', '200 år'),
(504, 'Har man mulighed for at få økonomisk støtte under barselsorlov', 'Ja', 'Nej', '', 'Ja'),
(505, 'Hvortil kan man anke en afgørelse fra byretten', 'Højesteret', 'Landsretten', '', 'Landsretten'),
(506, 'Hvor var danske soldater blandt andet udsendt til i 1990’erne som en del af FN’s styrker', 'Afghanistan', 'Bosnien', 'Libyen', 'Bosnien'),
(507, 'Hvad var Yahya Hassan særligt kendt for', 'Han var digter', 'Han var fodboldspiller', 'Han var skuespiller', 'Han var digter'),
(508, 'Hvordan bliver det afgjort, hvem der skal være konge eller dronning i Danmark', 'Den nye konge eller dronning vælges af Folketinget', 'Den nye konge eller dronning arver tronen', 'Den nye konge eller dronning udpeges af regeringen', 'Den nye konge eller dronning arver tronen'),
(509, 'Hvor har USA luftbasen Thulebasen', 'Grønland', 'Færøerne', 'Bornholm', 'Grønland'),
(510, 'Kan man få dagpenge ved arbejdsløshed uden at være medlem af en arbejdsløshedskasse', 'Ja', 'Nej', '', 'Nej'),
(511, 'Hvilken forfatter har skrevet eventyret Den Grimme Ælling', 'Benny Andersen', 'Karen Blixen', 'H.C. Andersen', 'H.C. Andersen'),
(512, 'For hvilken film vandt Thomas Vinterberg en Oscar i 2021', 'Druk', 'Pelle Erobreren', 'Kundskabens Træ', 'Druk'),
(513, 'Må man danne en forening, hvis man ikke er dansk statsborger', 'Ja', 'Nej', '', 'Ja'),
(515, 'Hvilket område mistede Danmark blandt andet i 1864', 'Slesvig', 'Norge', 'Skåne', 'Slesvig'),
(516, 'Hvilken rolle har Dronningen blandt andet', 'Hun repræsenterer den danske regering i EU', 'Hun underskriver nye love sammen med en minister', 'Hun holder åbningstalen ved Folketingets åbning i oktober', 'Hun underskriver nye love sammen med en minister'),
(517, 'Hvor stor en del af borgerne med stemmeret stemmer normalt, når der er folketingsvalg', '40-50 percent', '60-70 percent', '80-90 percent', '80-90 percent'),
(518, 'Er det gratis at låne bøger på landets folkebiblioteker', 'Ja', 'Nej', '', 'Ja'),
(519, 'Hvilken rettighed er beskyttet af grundloven', 'Retten til bære våben', 'Retten til at have et arbejde', 'Retten til selv at vælge religion', 'Retten til selv at vælge religion'),
(520, 'Hvilket land blev Danmark besat af den 9. april 1940', 'Frankrig', 'Sverige', 'Tyskland', 'Tyskland'),
(521, 'Skal man være medlem af folkekirken for at blive begravet på en af folkekirkens kirkegårde', 'Ja', 'Nej', '', 'Nej'),
(522, 'I hvilken måned fejres sankthans', 'I april', 'I maj', 'I juni', 'I juni'),
(523, 'Er Danmark medlem af De Forenede Nationer (FN)', 'Ja', 'Nej', '', 'Ja'),
(525, 'Hvad fremstiller den danske virksomhed LEGO', 'Insulin', 'Vindmøller', 'Byggeklodser', 'Byggeklodser'),
(526, 'Hvem er ikke med i det danske rigsfællesskab', 'Island', 'Færøerne', 'Grønland', 'Island');

-- --------------------------------------------------------

--
-- Table structure for table `statistics`
--

CREATE TABLE `statistics` (
  `id` int(11) NOT NULL,
  `testid` int(11) NOT NULL,
  `userid` int(11) NOT NULL,
  `testdate` datetime DEFAULT NULL,
  `answers` int(11) DEFAULT NULL
) ENGINE=InnoDB DEFAULT CHARSET=utf8 COLLATE=utf8_general_ci;

--
-- Dumping data for table `statistics`
--




--
-- Table structure for table `testquestions`
--

CREATE TABLE `testquestions` (
  `id` int(11) NOT NULL,
  `testid` int(11) DEFAULT NULL,
  `questionid` int(11) DEFAULT NULL
) ENGINE=InnoDB DEFAULT CHARSET=utf8 COLLATE=utf8_general_ci;

--
-- Dumping data for table `testquestions`
--

INSERT INTO `testquestions` (`id`, `testid`, `questionid`) VALUES
(543, 1, 3),
(544, 1, 17),
(545, 1, 45),
(546, 1, 65),
(547, 1, 23),
(548, 1, 51),
(549, 1, 84),
(550, 1, 97),
(551, 1, 128),
(552, 1, 167),
(553, 1, 203),
(554, 1, 205),
(555, 1, 507),
(556, 1, 226),
(557, 1, 234),
(558, 1, 240),
(559, 1, 243),
(560, 1, 245),
(561, 1, 251),
(562, 1, 415),
(563, 1, 109),
(564, 1, 133),
(565, 1, 87),
(566, 1, 185),
(567, 1, 238),
(568, 2, 6),
(569, 2, 14),
(570, 2, 40),
(571, 2, 81),
(572, 2, 24),
(573, 2, 70),
(574, 2, 86),
(575, 2, 100),
(576, 2, 112),
(577, 2, 121),
(578, 2, 129),
(579, 2, 137),
(580, 2, 142),
(581, 2, 149),
(582, 2, 154),
(583, 2, 196),
(584, 2, 209),
(585, 2, 232),
(586, 2, 512),
(587, 2, 250),
(588, 2, 256),
(589, 2, 277),
(590, 2, 288),
(591, 2, 294),
(592, 2, 299),
(594, 3, 16),
(595, 3, 91),
(596, 3, 7),
(597, 3, 96),
(598, 3, 85),
(599, 3, 79),
(600, 3, 111),
(601, 3, 132),
(602, 3, 138),
(603, 3, 156),
(604, 3, 161),
(605, 3, 176),
(606, 3, 180),
(609, 3, 199),
(610, 3, 202),
(611, 3, 204),
(612, 3, 212),
(613, 3, 229),
(614, 3, 236),
(615, 3, 241),
(616, 3, 253),
(617, 3, 260),
(618, 3, 272),
(619, 5, 5),
(620, 5, 28),
(621, 5, 31),
(622, 5, 44),
(623, 5, 49),
(624, 5, 52),
(625, 5, 58),
(626, 5, 64),
(627, 5, 67),
(628, 5, 73),
(629, 5, 88),
(630, 5, 93),
(631, 5, 95),
(632, 5, 106),
(633, 5, 115),
(634, 5, 122),
(635, 5, 127),
(636, 5, 135),
(637, 5, 148),
(638, 5, 155),
(639, 5, 159),
(640, 5, 168),
(641, 5, 214),
(642, 5, 224),
(643, 5, 230),
(646, 6, 10),
(647, 6, 13),
(648, 6, 21),
(649, 6, 38),
(650, 6, 48),
(651, 6, 56),
(652, 6, 71),
(653, 6, 74),
(654, 6, 77),
(655, 6, 89),
(656, 6, 94),
(657, 6, 104),
(658, 6, 113),
(659, 6, 117),
(660, 6, 125),
(661, 6, 139),
(662, 6, 144),
(663, 6, 158),
(664, 6, 177),
(665, 6, 181),
(666, 6, 187),
(667, 6, 130),
(668, 6, 141),
(669, 6, 157),
(670, 6, 163),
(671, 7, 8),
(672, 7, 9),
(673, 7, 18),
(674, 7, 33),
(675, 7, 12),
(676, 7, 29),
(677, 7, 36),
(678, 7, 39),
(679, 7, 41),
(680, 7, 42),
(681, 7, 46),
(682, 7, 50),
(683, 7, 53),
(684, 7, 54),
(685, 7, 57),
(686, 7, 62),
(687, 7, 66),
(688, 7, 69),
(689, 7, 76),
(690, 7, 80),
(691, 7, 82),
(692, 7, 83),
(693, 7, 90),
(694, 7, 101),
(695, 7, 489),
(696, 8, 19),
(697, 8, 25),
(698, 8, 27),
(699, 8, 37),
(700, 8, 47),
(701, 8, 60),
(702, 8, 68),
(703, 8, 99),
(704, 8, 107),
(705, 8, 116),
(706, 8, 146),
(707, 8, 119),
(708, 8, 152),
(709, 8, 162),
(710, 8, 166),
(711, 8, 172),
(712, 8, 179),
(713, 8, 188),
(714, 8, 191),
(715, 8, 195),
(716, 8, 197),
(717, 8, 200),
(718, 8, 207),
(719, 8, 211),
(720, 8, 220),
(722, 20, 59),
(723, 20, 30),
(724, 20, 63),
(730, 20, 114),
(733, 20, 147),
(735, 20, 174),
(736, 20, 182),
(737, 20, 194),
(738, 20, 206),
(739, 20, 216),
(741, 20, 248),
(742, 20, 252),
(744, 20, 263),
(748, 9, 55),
(749, 9, 26),
(750, 9, 72),
(751, 9, 102),
(752, 9, 120),
(753, 9, 92),
(754, 9, 131),
(755, 9, 140),
(756, 9, 145),
(757, 9, 151),
(758, 9, 153),
(759, 9, 165),
(760, 9, 171),
(761, 9, 178),
(762, 9, 210),
(763, 9, 222),
(764, 9, 227),
(765, 9, 231),
(766, 9, 237),
(767, 9, 239),
(768, 9, 254),
(769, 9, 265),
(770, 9, 35),
(771, 9, 439),
(772, 9, 441),
(773, 10, 32),
(774, 10, 43),
(775, 10, 175),
(776, 10, 365),
(777, 10, 376),
(778, 10, 382),
(779, 10, 384),
(780, 10, 389),
(781, 10, 392),
(782, 10, 136),
(784, 10, 397),
(785, 10, 398),
(786, 10, 150),
(787, 10, 403),
(788, 10, 405),
(789, 10, 406),
(790, 10, 407),
(791, 10, 409),
(792, 10, 411),
(793, 10, 412),
(794, 10, 421),
(795, 10, 422),
(796, 10, 425),
(797, 10, 443),
(802, 11, 15),
(803, 11, 108),
(804, 11, 126),
(805, 11, 143),
(806, 11, 173),
(807, 11, 192),
(808, 11, 208),
(809, 11, 218),
(810, 11, 223),
(811, 11, 233),
(812, 11, 235),
(813, 11, 244),
(814, 11, 247),
(815, 11, 249),
(816, 11, 255),
(817, 11, 259),
(818, 11, 261),
(819, 11, 264),
(820, 11, 267),
(821, 11, 273),
(822, 11, 280),
(823, 11, 283),
(824, 11, 289),
(825, 11, 291),
(826, 11, 292),
(828, 12, 4),
(829, 12, 34),
(830, 12, 78),
(831, 12, 123),
(832, 12, 164),
(833, 12, 184),
(834, 12, 190),
(835, 12, 193),
(836, 12, 213),
(837, 12, 217),
(838, 12, 228),
(839, 12, 262),
(840, 12, 269),
(841, 12, 276),
(842, 12, 279),
(843, 12, 285),
(844, 12, 515),
(845, 12, 290),
(846, 12, 298),
(847, 12, 301),
(848, 12, 516),
(849, 12, 329),
(850, 12, 352),
(851, 12, 356),
(852, 12, 360),
(853, 13, 11),
(854, 13, 22),
(855, 13, 61),
(856, 13, 118),
(857, 13, 198),
(858, 13, 215),
(859, 13, 225),
(860, 13, 268),
(861, 13, 278),
(862, 13, 295),
(863, 13, 302),
(864, 13, 303),
(865, 13, 304),
(866, 13, 305),
(867, 13, 308),
(868, 13, 310),
(869, 13, 311),
(870, 13, 312),
(871, 13, 313),
(872, 13, 317),
(873, 13, 319),
(874, 13, 321),
(875, 13, 322),
(876, 13, 326),
(877, 13, 327),
(880, 0, 0),
(881, 0, 0),
(882, 0, 0),
(883, 14, 20),
(884, 14, 219),
(885, 14, 296),
(886, 14, 274),
(887, 14, 306),
(888, 14, 513),
(889, 14, 284),
(890, 14, 286),
(891, 14, 309),
(892, 14, 314),
(893, 14, 318),
(894, 14, 293),
(895, 14, 323),
(896, 14, 328),
(897, 14, 332),
(898, 14, 334),
(899, 14, 336),
(900, 14, 337),
(901, 14, 342),
(902, 14, 344),
(903, 14, 347),
(904, 14, 346),
(905, 14, 349),
(906, 14, 307),
(907, 14, 201),
(908, 15, 189),
(909, 15, 275),
(910, 15, 282),
(911, 15, 300),
(912, 15, 297),
(913, 15, 316),
(914, 15, 320),
(915, 15, 324),
(916, 15, 333),
(917, 15, 335),
(918, 15, 338),
(919, 15, 343),
(920, 15, 345),
(921, 15, 350),
(922, 15, 353),
(923, 15, 355),
(924, 15, 359),
(925, 15, 362),
(926, 15, 363),
(927, 15, 364),
(928, 15, 366),
(929, 15, 367),
(930, 15, 368),
(931, 15, 369),
(932, 15, 370),
(935, 16, 170),
(936, 16, 257),
(937, 16, 271),
(938, 16, 325),
(939, 16, 331),
(940, 16, 339),
(941, 16, 340),
(942, 16, 348),
(943, 16, 351),
(944, 16, 354),
(945, 16, 357),
(946, 16, 361),
(947, 16, 371),
(948, 16, 372),
(949, 16, 373),
(951, 16, 379),
(952, 16, 380),
(953, 16, 381),
(954, 16, 383),
(955, 16, 385),
(956, 16, 387),
(957, 16, 374),
(958, 16, 375),
(959, 16, 377),
(960, 17, 330),
(961, 17, 341),
(962, 17, 358),
(963, 17, 386),
(964, 17, 388),
(965, 17, 390),
(966, 17, 391),
(967, 17, 393),
(968, 17, 394),
(969, 17, 396),
(970, 17, 399),
(971, 17, 400),
(972, 17, 401),
(973, 17, 402),
(974, 17, 404),
(975, 17, 408),
(976, 17, 410),
(977, 17, 413),
(978, 17, 414),
(979, 17, 416),
(980, 17, 419),
(981, 17, 423),
(982, 17, 424),
(983, 17, 428),
(984, 17, 433),
(985, 18, 395),
(986, 18, 420),
(987, 18, 426),
(988, 18, 431),
(989, 18, 432),
(990, 18, 434),
(991, 18, 435),
(992, 18, 437),
(993, 18, 440),
(994, 18, 442),
(995, 18, 445),
(996, 18, 446),
(997, 18, 448),
(998, 18, 450),
(999, 18, 452),
(1000, 18, 456),
(1001, 18, 458),
(1002, 18, 461),
(1003, 18, 463),
(1004, 18, 465),
(1005, 18, 466),
(1006, 18, 467),
(1007, 18, 471),
(1008, 18, 511),
(1009, 18, 501),
(1010, 19, 417),
(1011, 19, 429),
(1012, 19, 430),
(1013, 19, 436),
(1014, 19, 438),
(1015, 19, 444),
(1016, 19, 449),
(1017, 19, 453),
(1018, 19, 457),
(1019, 19, 459),
(1020, 19, 462),
(1021, 19, 468),
(1022, 19, 470),
(1023, 19, 472),
(1024, 19, 473),
(1025, 19, 475),
(1026, 19, 476),
(1027, 19, 507),
(1028, 19, 480),
(1029, 19, 481),
(1030, 19, 484),
(1031, 19, 486),
(1032, 19, 496),
(1033, 19, 498),
(1034, 19, 502),
(1035, 20, 418),
(1037, 20, 454),
(1039, 20, 451),
(1041, 20, 469),
(1043, 20, 482),
(1047, 20, 488),
(1048, 20, 491),
(1049, 20, 493),
(1053, 20, 499),
(1056, 20, 479),
(1058, 20, 492),
(1060, 4, 75),
(1061, 4, 160),
(1062, 4, 258),
(1063, 4, 266),
(1064, 4, 447),
(1065, 4, 464),
(1066, 4, 487),
(1067, 4, 495),
(1068, 4, 504),
(1069, 4, 505),
(1070, 4, 506),
(1071, 4, 509),
(1072, 4, 510),
(1073, 4, 183),
(1074, 4, 221),
(1075, 4, 242),
(1076, 4, 281),
(1077, 4, 287),
(1078, 4, 315),
(1079, 4, 427),
(1080, 4, 478),
(1081, 4, 186),
(1082, 4, 246),
(1083, 4, 270),
(1084, 4, 490),
(1087, 3, 497),
(1088, 3, 500),
(1090, 10, 477),
(1091, 16, 483),
(1092, 20, 378);

-- --------------------------------------------------------

--
-- Table structure for table `tests`
--

CREATE TABLE `tests` (
  `id` int(11) NOT NULL,
  `title` varchar(10) DEFAULT NULL,
  `status` varchar(5) DEFAULT NULL
) ENGINE=InnoDB DEFAULT CHARSET=utf8 COLLATE=utf8_general_ci;

--
-- Dumping data for table `tests`
--

INSERT INTO `tests` (`id`, `title`, `status`) VALUES
(1, 'Test 1', '1'),
(2, 'Test 2', '1'),
(3, 'Test 3', '1'),
(4, 'example', '1'),
(5, 'Test 4', '1'),
(6, 'Test 5', '1'),
(7, 'Test 6', '1'),
(8, 'Test 7', '1'),
(9, 'Test 8', '1'),
(10, 'Test 9', '1'),
(11, 'Test 10', '1'),
(12, 'Test 11', '1'),
(13, 'Test 12', '1'),
(14, 'Test 13', '1'),
(15, 'Test 14', '1'),
(16, 'Test 15', '1'),
(17, 'Test 16', '1'),
(18, 'Test 17', '1'),
(19, 'Test 18', '1'),
(20, 'Test 19', '1');

-- --------------------------------------------------------

--
-- Table structure for table `userpackage`
--

CREATE TABLE `userpackage` (
  `id` int(11) NOT NULL,
  `userid` int(11) NOT NULL,
  `packageid` int(11) NOT NULL,
  `created` datetime NOT NULL,
  `modified` datetime NOT NULL
) ENGINE=InnoDB DEFAULT CHARSET=utf8 COLLATE=utf8_general_ci;

--
-- Dumping data for table `userpackage`
--

INSERT INTO `userpackage` (`id`, `userid`, `packageid`, `created`, `modified`) VALUES
(1, 1, 3, '2017-09-17 16:18:36', '2022-09-17 22:42:36'),
(2, 8, 1, '2019-03-23 11:35:14', '2019-03-23 11:35:14'),
(3, 7, 1, '2017-10-18 00:00:00', '2017-10-19 00:00:00'),
(4, 10, 3, '2016-11-07 00:44:51', '2017-11-07 00:44:51'),
(5, 10, 1, '2016-11-07 12:11:39', '2017-11-07 12:11:39'),
(7, 12, 1, '2017-11-11 21:18:32', '2017-11-11 21:18:32'),
(8, 16, 1, '2019-03-23 21:50:43', '2019-03-23 21:50:43'),
(9, 13, 1, '2017-11-12 22:36:53', '2017-11-12 22:36:53'),
(10, 20, 1, '2017-11-18 23:59:24', '2017-11-18 23:59:24'),
(11, 21, 1, '2017-11-20 14:17:28', '2017-11-20 14:17:28'),
(12, 23, 1, '2017-11-20 21:27:48', '2017-11-20 21:27:48'),
(13, 24, 1, '2017-11-25 16:02:08', '2017-11-25 16:02:08'),
(14, 25, 1, '2017-11-25 23:25:17', '2017-11-25 23:25:17'),
(15, 34, 1, '2018-04-18 18:49:00', '2018-04-18 18:49:00'),
(16, 38, 1, '2018-05-02 08:37:07', '2018-05-02 08:37:07'),
(17, 40, 1, '2018-05-03 19:20:27', '2018-05-03 19:20:27'),
(18, 32, 1, '2018-05-06 19:34:54', '2018-05-06 19:34:54'),
(19, 26, 1, '2018-05-07 05:02:25', '2018-05-07 05:02:25'),
(20, 43, 1, '2018-05-07 11:18:17', '2018-05-07 11:18:17'),
(21, 44, 1, '2018-05-08 19:03:42', '2018-05-08 19:03:42'),
(22, 37, 1, '2018-05-09 13:19:55', '2018-05-09 13:19:55'),
(23, 45, 1, '2018-05-16 21:31:17', '2018-05-16 21:31:17'),
(24, 34, 1, '2018-05-19 14:12:47', '2018-05-19 14:12:47'),
(25, 47, 1, '2018-05-21 14:11:28', '2018-05-21 14:11:28'),
(26, 48, 1, '2018-05-22 20:09:12', '2018-05-22 20:09:12'),
(27, 46, 1, '2018-05-26 11:26:04', '2018-05-26 11:26:04'),
(28, 33, 1, '2018-05-27 18:57:18', '2018-05-27 18:57:18'),
(29, 49, 1, '2018-06-01 09:21:03', '2018-06-01 09:21:03'),
(30, 50, 1, '2018-06-03 17:58:04', '2018-06-03 17:58:04'),
(31, 51, 1, '2018-06-04 08:34:06', '2018-06-04 08:34:06'),
(32, 52, 1, '2018-06-04 14:01:35', '2018-06-04 14:01:35'),
(33, 53, 1, '2018-06-05 10:14:22', '2018-06-05 10:14:22'),
(34, 8, 1, '2019-03-23 20:34:01', '2019-03-23 20:34:01'),
(35, 60, 1, '2018-10-29 16:48:00', '2018-10-29 16:48:00'),
(36, 61, 1, '2018-10-31 15:00:58', '2018-10-31 15:00:58'),
(37, 62, 1, '2018-11-02 20:38:25', '2018-11-02 20:38:25'),
(38, 57, 1, '2018-11-03 16:03:13', '2018-11-03 16:03:13'),
(39, 63, 1, '2018-11-08 13:16:13', '2018-11-08 13:16:13'),
(40, 64, 1, '2018-11-08 19:39:49', '2018-11-08 19:39:49'),
(41, 65, 1, '2018-11-08 23:04:19', '2018-11-08 23:04:19'),
(42, 50, 1, '2018-11-09 19:02:47', '2018-11-09 19:02:47'),
(43, 67, 1, '2018-11-18 09:28:06', '2018-11-18 09:28:06'),
(44, 68, 1, '2018-11-18 13:12:11', '2018-11-18 13:12:11'),
(45, 66, 1, '2018-11-19 20:51:57', '2018-11-19 20:51:57'),
(46, 69, 1, '2018-11-20 09:49:30', '2018-11-20 09:49:30'),
(47, 70, 1, '2018-11-21 10:24:00', '2018-11-21 10:24:00'),
(48, 71, 1, '2018-11-23 20:13:15', '2018-11-23 20:13:15'),
(49, 73, 1, '2018-11-25 19:30:31', '2018-11-25 19:30:31'),
(50, 75, 1, '2019-02-16 18:33:41', '2019-02-16 18:33:41'),
(51, 62, 2, '2019-04-10 20:42:22', '2019-04-10 20:42:22'),
(52, 78, 2, '2019-04-15 09:51:34', '2019-04-15 09:51:34'),
(53, 80, 1, '2019-05-02 08:50:29', '2019-05-02 08:50:29'),
(54, 83, 1, '2019-05-08 10:27:46', '2019-05-08 10:27:46'),
(55, 84, 1, '2019-05-09 16:47:08', '2019-05-09 16:47:08'),
(56, 85, 1, '2019-05-18 11:46:36', '2019-05-18 11:46:36'),
(57, 86, 1, '2019-05-18 13:22:29', '2019-05-18 13:22:29'),
(58, 87, 1, '2019-05-18 14:13:07', '2019-05-18 14:13:07'),
(59, 89, 1, '2019-05-30 10:16:20', '2019-05-30 10:16:20'),
(60, 74, 1, '2019-05-31 12:43:11', '2019-05-31 12:43:11'),
(61, 90, 1, '2019-06-01 22:04:22', '2019-06-01 22:04:22'),
(62, 91, 1, '2019-06-02 11:16:09', '2019-06-02 11:16:09'),
(63, 80, 1, '2019-06-02 16:20:26', '2019-06-02 16:20:26'),
(64, 92, 1, '2019-06-02 20:58:54', '2019-06-02 20:58:54'),
(65, 50, 1, '2019-06-03 05:22:20', '2019-06-03 05:22:20'),
(66, 94, 1, '2019-06-04 08:43:42', '2019-06-04 08:43:42'),
(67, 95, 1, '2019-06-05 06:17:33', '2019-06-05 06:17:33'),
(68, 58, 1, '2019-06-16 06:18:07', '2019-06-16 06:18:07'),
(69, 99, 3, '2019-09-20 17:43:05', '2019-09-20 17:43:05'),
(70, 100, 1, '2019-10-29 10:47:41', '2019-10-29 10:47:41'),
(71, 104, 1, '2019-10-29 19:33:35', '2019-10-29 19:33:35'),
(72, 105, 1, '2019-11-03 08:47:15', '2019-11-03 08:47:15'),
(73, 106, 1, '2019-11-04 21:46:15', '2019-11-04 21:46:15'),
(74, 107, 1, '2019-11-07 09:53:46', '2019-11-07 09:53:46'),
(75, 108, 1, '2019-11-08 08:06:43', '2019-11-08 08:06:43'),
(76, 109, 1, '2019-11-16 21:23:56', '2019-11-16 21:23:56'),
(77, 46, 1, '2019-11-18 19:15:45', '2019-11-18 19:15:45'),
(78, 111, 1, '2019-11-21 10:30:31', '2019-11-21 10:30:31'),
(79, 117, 1, '2020-02-17 20:50:38', '2020-02-17 20:50:38'),
(80, 119, 1, '2020-02-26 15:46:08', '2020-02-26 15:46:08'),
(81, 138, 1, '2020-10-10 16:35:04', '2020-10-10 16:35:04'),
(82, 145, 1, '2020-10-28 00:15:54', '2020-10-28 00:15:54'),
(83, 147, 1, '2020-11-05 09:27:27', '2020-11-05 09:27:27'),
(84, 150, 1, '2020-11-17 19:48:52', '2020-11-17 19:48:52'),
(85, 151, 1, '2020-11-19 21:37:58', '2020-11-19 21:37:58'),
(86, 162, 1, '2021-05-10 19:27:43', '2021-05-10 19:27:43'),
(87, 163, 1, '2021-05-28 12:50:22', '2021-05-28 12:50:22'),
(88, 7, 1, '2021-09-19 14:11:01', '2021-09-19 14:11:01'),
(89, 174, 3, '2021-10-02 18:42:31', '2021-10-02 18:42:31'),
(90, 176, 3, '2021-10-07 10:04:14', '2021-10-07 10:04:14'),
(91, 180, 3, '2021-10-25 17:50:31', '2021-10-25 17:50:31'),
(92, 181, 2, '2021-10-27 12:43:41', '2021-10-27 12:43:41'),
(93, 184, 3, '2021-11-01 18:49:44', '2021-11-01 18:49:44'),
(94, 186, 3, '2021-11-02 19:23:10', '2021-11-02 19:23:10'),
(95, 178, 3, '2021-11-02 21:25:55', '2021-11-02 21:25:55'),
(96, 185, 3, '2021-11-14 15:57:34', '2021-11-14 15:57:34'),
(97, 191, 3, '2021-11-14 22:52:49', '2021-11-14 22:52:49'),
(98, 194, 3, '2021-11-15 22:48:42', '2021-11-15 22:48:42'),
(99, 196, 3, '2021-11-16 09:29:34', '2021-11-16 09:29:34'),
(100, 197, 3, '2021-11-16 22:15:13', '2021-11-16 22:15:13'),
(101, 199, 1, '2021-11-17 18:59:19', '2021-11-17 18:59:19'),
(102, 198, 1, '2021-11-17 20:18:23', '2021-11-17 20:18:23'),
(103, 193, 1, '2021-11-17 20:42:01', '2021-11-17 20:42:01'),
(104, 203, 1, '2021-11-21 11:56:27', '2021-11-21 11:56:27'),
(105, 205, 2, '2021-11-22 20:00:26', '2021-11-22 20:00:26'),
(106, 208, 1, '2021-11-23 17:08:05', '2021-11-23 17:08:05'),
(107, 209, 3, '2021-11-23 17:54:51', '2021-11-23 17:54:51'),
(108, 210, 1, '2021-11-23 18:57:26', '2021-11-23 18:57:26'),
(109, 211, 3, '2021-11-23 21:50:04', '2021-11-23 21:50:04'),
(110, 212, 2, '2021-11-24 02:21:26', '2021-11-24 02:21:26'),
(111, 214, 1, '2022-01-16 10:46:31', '2022-01-16 10:46:31'),
(112, 219, 3, '2022-02-23 13:48:29', '2022-02-23 13:48:29'),
(113, 220, 3, '2022-03-01 08:40:11', '2022-03-01 08:40:11'),
(114, 217, 3, '2022-03-01 17:52:48', '2022-03-01 17:52:48'),
(115, 216, 3, '2022-03-07 09:43:29', '2022-03-07 09:43:29'),
(116, 227, 3, '2022-04-07 14:00:23', '2022-04-07 14:00:23'),
(117, 231, 3, '2022-04-18 08:11:09', '2022-04-18 08:11:09'),
(118, 232, 1, '2022-04-20 09:28:50', '2022-04-20 09:28:50'),
(119, 233, 3, '2022-04-22 08:14:03', '2022-04-22 08:14:03'),
(120, 234, 3, '2022-04-23 21:12:33', '2022-04-23 21:12:33'),
(121, 235, 3, '2022-04-26 20:17:40', '2022-04-26 20:17:40'),
(122, 237, 3, '2022-04-28 03:51:49', '2022-04-28 03:51:49'),
(123, 239, 3, '2022-05-02 08:53:27', '2022-05-02 08:53:27'),
(124, 238, 3, '2022-05-02 15:39:30', '2022-05-02 15:39:30'),
(125, 241, 3, '2022-05-03 20:44:42', '2022-05-03 20:44:42'),
(126, 242, 2, '2022-05-06 08:22:38', '2022-05-06 08:22:38'),
(127, 245, 3, '2022-05-07 08:48:49', '2022-05-07 08:48:49'),
(128, 248, 3, '2022-05-11 16:07:25', '2022-05-11 16:07:25'),
(129, 250, 2, '2022-05-14 15:35:45', '2022-05-14 15:35:45'),
(130, 251, 3, '2022-05-19 03:28:38', '2022-05-19 03:28:38'),
(131, 252, 3, '2022-05-21 12:40:19', '2022-05-21 12:40:19'),
(132, 253, 1, '2022-05-21 22:29:25', '2022-05-21 22:29:25'),
(133, 255, 1, '2022-05-23 09:43:08', '2022-05-23 09:43:08'),
(134, 258, 3, '2022-05-24 07:08:21', '2022-05-24 07:08:21'),
(135, 259, 1, '2022-05-24 12:16:21', '2022-05-24 12:16:21'),
(136, 260, 3, '2022-05-24 21:13:51', '2022-05-24 21:13:51'),
(137, 261, 1, '2022-05-25 19:43:04', '2022-05-25 19:43:04'),
(138, 262, 1, '2022-05-25 22:37:12', '2022-05-25 22:37:12'),
(139, 263, 1, '2022-05-27 10:08:43', '2022-05-27 10:08:43'),
(140, 264, 2, '2022-05-27 10:42:00', '2022-05-27 10:42:00'),
(141, 269, 3, '2022-05-28 18:37:36', '2022-05-28 18:37:36'),
(142, 201, 3, '2022-05-29 12:27:24', '2022-05-29 12:27:24'),
(143, 270, 3, '2022-05-30 17:43:10', '2022-05-30 17:43:10'),
(144, 273, 3, '2022-05-31 05:25:09', '2022-05-31 05:25:09'),
(145, 273, 3, '2022-05-31 06:01:01', '2022-05-31 06:01:01'),
(146, 274, 1, '2022-05-31 12:01:14', '2022-05-31 12:01:14'),
(147, 275, 1, '2022-05-31 14:28:00', '2022-05-31 14:28:00'),
(148, 273, 3, '2022-05-31 17:06:53', '2022-05-31 17:06:53'),
(149, 277, 1, '2022-05-31 17:19:31', '2022-05-31 17:19:31'),
(150, 276, 3, '2022-05-31 18:17:28', '2022-05-31 18:17:28'),
(151, 277, 3, '2022-05-31 19:36:48', '2022-05-31 19:36:48'),
(152, 278, 1, '2022-06-01 01:00:46', '2022-06-01 01:00:46'),
(153, 283, 3, '2022-08-25 15:41:07', '2022-08-25 15:41:07'),
(154, 284, 3, '2022-09-14 19:12:43', '2022-09-14 19:12:43'),
(155, 285, 3, '2022-09-15 19:43:35', '2022-09-15 19:43:35'),
(156, 286, 3, '2022-09-20 13:11:28', '2022-09-20 13:11:28'),
(157, 288, 3, '2022-09-24 19:15:36', '2022-09-24 19:15:36'),
(158, 289, 3, '2022-09-28 16:27:54', '2022-09-28 16:27:54'),
(159, 292, 3, '2022-10-01 20:08:29', '2022-10-01 20:08:29'),
(160, 298, 3, '2022-10-13 08:20:50', '2022-10-13 08:20:50'),
(161, 296, 3, '2022-10-13 12:12:00', '2022-10-13 12:12:00'),
(162, 300, 3, '2022-10-16 08:55:33', '2022-10-16 08:55:33'),
(163, 302, 3, '2022-10-18 17:15:39', '2022-10-18 17:15:39'),
(164, 303, 2, '2022-10-21 18:47:05', '2022-10-21 18:47:05'),
(165, 295, 2, '2022-10-22 07:42:18', '2022-10-22 07:42:18'),
(166, 305, 3, '2022-10-24 10:40:08', '2022-10-24 10:40:08'),
(167, 306, 3, '2022-10-24 17:03:00', '2022-10-24 17:03:00'),
(168, 307, 2, '2022-10-28 11:04:43', '2022-10-28 11:04:43'),
(169, 308, 2, '2022-10-29 21:06:25', '2022-10-29 21:06:25'),
(170, 309, 3, '2022-10-31 09:53:14', '2022-10-31 09:53:14'),
(171, 311, 3, '2022-11-04 10:06:14', '2022-11-04 10:06:14'),
(172, 312, 3, '2022-11-05 21:22:08', '2022-11-05 21:22:08'),
(173, 316, 3, '2022-11-09 19:25:32', '2022-11-09 19:25:32'),
(174, 317, 2, '2022-11-10 15:48:00', '2022-11-10 15:48:00'),
(175, 315, 2, '2022-11-11 10:00:23', '2022-11-11 10:00:23'),
(176, 318, 1, '2022-11-11 15:56:20', '2022-11-11 15:56:20'),
(177, 320, 3, '2022-11-13 13:07:12', '2022-11-13 13:07:12'),
(178, 319, 1, '2022-11-13 16:21:32', '2022-11-13 16:21:32'),
(179, 321, 1, '2022-11-13 16:27:55', '2022-11-13 16:27:55'),
(180, 322, 3, '2022-11-13 20:13:18', '2022-11-13 20:13:18'),
(181, 324, 3, '2022-11-15 14:54:46', '2022-11-15 14:54:46'),
(182, 325, 2, '2022-11-16 12:13:50', '2022-11-16 12:13:50'),
(183, 321, 3, '2022-11-16 17:49:31', '2022-11-16 17:49:31'),
(184, 326, 3, '2022-11-16 21:26:46', '2022-11-16 21:26:46'),
(185, 327, 1, '2022-11-17 05:19:12', '2022-11-17 05:19:12'),
(186, 328, 1, '2022-11-17 08:12:16', '2022-11-17 08:12:16'),
(187, 331, 3, '2022-11-17 10:58:48', '2022-11-17 10:58:48'),
(188, 332, 1, '2022-11-17 15:40:23', '2022-11-17 15:40:23'),
(189, 333, 1, '2022-11-17 20:26:05', '2022-11-17 20:26:05'),
(190, 335, 3, '2022-11-19 09:23:54', '2022-11-19 09:23:54'),
(191, 335, 3, '2022-11-19 09:26:10', '2022-11-19 09:26:10'),
(192, 334, 3, '2022-11-19 21:30:20', '2022-11-19 21:30:20'),
(193, 337, 3, '2022-11-20 13:33:55', '2022-11-20 13:33:55'),
(194, 339, 3, '2022-11-20 19:20:58', '2022-11-20 19:20:58'),
(195, 340, 3, '2022-11-20 20:25:23', '2022-11-20 20:25:23'),
(196, 341, 2, '2022-11-21 20:03:26', '2022-11-21 20:03:26'),
(197, 342, 2, '2022-11-21 21:11:47', '2022-11-21 21:11:47'),
(198, 345, 3, '2022-11-22 11:06:06', '2022-11-22 11:06:06'),
(199, 344, 3, '2022-11-22 15:24:13', '2022-11-22 15:24:13'),
(200, 344, 3, '2022-11-22 15:25:21', '2022-11-22 15:25:21'),
(201, 347, 1, '2022-11-22 16:37:42', '2022-11-22 16:37:42'),
(202, 348, 1, '2022-11-22 19:12:56', '2022-11-22 19:12:56'),
(203, 349, 1, '2022-11-23 07:38:12', '2022-11-23 07:38:12'),
(204, 350, 3, '2023-01-13 19:31:53', '2023-01-13 19:31:53'),
(205, 351, 3, '2023-02-04 08:53:23', '2023-02-04 08:53:23'),
(206, 352, 3, '2023-02-04 19:09:17', '2023-02-04 19:09:17');

-- --------------------------------------------------------

--
-- Table structure for table `users`
--

CREATE TABLE `users` (
  `id` int(11) NOT NULL,
  `name` varchar(100) NOT NULL,
  `type` varchar(50) DEFAULT NULL,
  `email` varchar(100) NOT NULL,
  `password` varchar(255) NOT NULL,
  `pas` varchar(50) DEFAULT NULL,
  `gender` enum('Male','Female') DEFAULT NULL,
  `phone` varchar(15) DEFAULT NULL,
  `created` datetime NOT NULL,
  `modified` datetime NOT NULL,
  `status` enum('1','0') DEFAULT '0'
) ENGINE=InnoDB DEFAULT CHARSET=utf8 COLLATE=utf8_unicode_ci;

--
-- Dumping data for table `users`
--

INSERT INTO `users` (`id`, `name`, `type`, `email`, `password`, `pas`, `gender`, `phone`, `created`, `modified`, `status`) VALUES
(1, 'Iftikhar Ahmed', 'admin', 'iffijarral@gmail.com', '1ae3216b0fb2c6b2b20690e2ef44f55a', 'jarral786', 'Male', '71559914', '2017-08-16 22:07:28', '2021-09-19 14:11:01', '1'),
(8, 'Khadim Hussain', 'user', 'hellokhadim@gmail.com', '9f06962d3e03cdf4e327b256a37195a6', 'khadim123', 'Male', '51787832', '2019-03-22 10:20:14', '2019-04-29 08:57:20', '0'),
(10, 'Zubair', 'user', 'iffi@gmail.com', 'd73c4d27128590d865eb8d1b455b6f10', 'jarral', 'Male', '71559824', '2017-11-06 06:34:09', '2017-11-07 12:14:55', '0'),
(11, 'Kuan-Lin Chen', 'user', 'kuan_lin16@hotmail.com', '484a7d892522e7112fa7b591633c6b7d', 'Monster1516', 'Male', '+4541685865', '2017-11-09 16:01:42', '2017-11-09 16:01:42', '0'),
(12, 'Kamal Prasad Dhakal', 'user', 'kamal.dhakalji@gmail.com', 'b30c6cc000fea534397fa41671020c51', 'Jyotidhakal123', 'Male', '42155276', '2017-11-11 17:35:33', '2018-11-11 16:11:05', '0'),
(13, 'Arshad', 'user', 'arshad.anjum@gmail.com', 'ac5df0ebd85404b7e04d4160b0d69250', 'Arshe732003@', 'Male', '81181664', '2017-11-11 21:06:45', '2017-12-21 05:08:56', '0'),
(14, 'Shumaila', 'user', 'shumaila.naveed1987@gmail.com', 'f091eda311c3846623b0ecec71bb0ccd', 'mushtaq123', 'Male', '3344698015', '2017-11-12 03:04:27', '2017-11-12 03:04:27', '0'),
(15, 'Sohail Mansha ', 'user', 'sohail_mansha@yahoo.com', '499fe1a6be832a0f6944dbd96310fb9c', 'Yahoo.com4321', 'Male', '91444194', '2017-11-12 18:08:04', '2017-11-12 18:08:04', '0'),
(16, 'Erbol Anarbekov', 'user', 'anarbekov@gmail.com', '9cdea064a6df036511b58bbc91681eae', 'dinara', 'Male', '31873354', '2017-11-12 21:44:01', '2021-01-18 16:09:38', '0'),
(17, 'Erbol Anarbekov', 'user', 'economistuz@mail.ru', '98a1bc22104d08e6a801250394e83196', 'jadira', 'Male', '31873354', '2017-11-12 21:46:14', '2017-11-12 21:46:14', '0'),
(18, 'Moinoddin', 'user', 'md.moinoddin@gmail.com', '4cd81570e8e97d723cdac248d2ee6f9d', 'Vintersol1', 'Male', '71827575', '2017-11-14 09:09:08', '2017-11-14 09:09:08', '0'),
(19, 'Palwasha', 'user', 'palwashadk@gmail.com', '63e55a622571d01fcfcb59590107de7d', 'papuyaar', 'Male', '91627881', '2017-11-18 23:25:56', '2017-11-18 23:25:56', '0'),
(20, 'Syed', 'user', 'ska95@yahoo.com', 'f0c1a6f405bd46227343c7cc785f45e9', '53344255', 'Male', '53344255', '2017-11-18 23:55:41', '2017-11-18 23:59:24', '1'),
(21, 'Deepak Sharma ', 'user', 'Deepsharmadec24@gmail.com', '47c70bd26a7d76ae42c2f3356afc610c', 'rachana24', 'Male', '42249355 ', '2017-11-20 14:14:02', '2017-11-20 14:17:28', '1'),
(22, 'Muhammad Nadeem ', 'user', 'm.nadeem@stylo.pk', '1eae5fdffdd37deea63647729744c28c', 'Pakistan1', 'Male', '00923000455448', '2017-11-20 15:37:51', '2017-11-20 15:37:51', '0'),
(23, 'yasir', 'user', 'yasirahameed@gmail.com', '8c799421bc1a56129e3034225487bcb0', 'Ryah20!@', 'Male', '', '2017-11-20 21:23:06', '2017-11-26 20:18:09', '1'),
(24, 'Mohamed Ramadan', 'user', 'mohamedmustafa226@live.com', 'a0a04f1784ac3622de04c48460dfc367', 'moh3888353', 'Male', '51251516', '2017-11-25 15:54:25', '2017-11-25 16:02:08', '1'),
(25, 'venancio simao', 'user', 'venasima@hotmail.com', 'f6852b2a3ac0cd7e69c801f69eddb57a', 'salma', 'Male', '23704915', '2017-11-25 23:22:01', '2017-11-25 23:25:17', '1'),
(26, 'Salman Ali', 'user', 'onlyawan@hotmail.com', '671d5315cab38a1e60f52f82647f2d63', 'Salman1984', 'Male', '91741000', '2018-01-05 18:34:04', '2018-05-07 05:02:25', '1'),
(27, 'Morad Kamand', 'user', 'morad_7kapoor@hotmail.com', '00619b5b9cded6e6cfa2d301f22703c8', 'shoo7abibi', 'Male', '28700723', '2018-01-17 22:15:28', '2018-01-17 22:15:28', '0'),
(28, 'abc', 'user', 'abc@gmail.com', 'cf9526255484d0c9e6ec89c086428802', 'abc', 'Male', '4455', '2018-01-21 12:53:11', '2018-01-21 12:53:11', '0'),
(29, 'Venkata sudhakar', 'user', 'sudha_shammi@yahoo.com', '0597bf7442d492f6495b50f08605ec37', 'akshitha2010', 'Male', '53828999', '2018-04-04 15:05:40', '2018-04-04 15:05:40', '0'),
(30, 'Mohammad Mohasin Uddin', 'user', 'mohasinuddin@yahoo.com', '049ae7c09e51c92782e9f006c79ac6b8', 'mm354988', 'Male', '71434946', '2018-04-04 19:37:42', '2018-04-04 19:37:42', '0'),
(31, 'Rachana shah', 'user', 'rachana_kc2001@yahoo.com', '737abece2c658a0767ca50592221dcae', 'meroraja141', 'Male', '42224369', '2018-04-04 19:52:58', '2018-04-04 19:52:58', '0'),
(32, 'Sobia ', 'user', 'sheraz.sobia@yahoo.com', '7ecfff0492ba86829942d3e7dc1a3d54', 'sobia1989', 'Male', '71726192', '2018-04-04 20:23:28', '2018-06-06 12:25:40', '0'),
(33, 'Lakshmi Narayana', 'user', 'lakshmi.kalivili@gmail.com', '8fe5656657bc6d9abd13e26bc5a9b541', 'Danske@143', 'Male', '31841873', '2018-04-05 21:08:52', '2018-05-27 18:57:18', '1'),
(34, 'Imran Khan', 'user', 'imran105@hotmail.com', '7885c8d94d69f4de65d48d5424ab45a2', 'G170034i', 'Male', '004529990332', '2018-04-07 00:00:37', '2018-06-27 19:59:03', '0'),
(35, 'Nathan Ssembajjwe ', 'user', 'nathanssembajjwe001@gmail.com', '488eb493ded3c6a839ae01a3635c5569', 'nigelgrayson1979', 'Male', '26778066', '2018-04-08 18:21:31', '2018-04-08 18:21:31', '0'),
(36, 'Rashed Ahmed', 'user', 'rashed_babu2003@yahoo.com', 'ecd345f889c64413c2c81831fc6447c4', 'ra63ah19', 'Male', '71485040', '2018-04-24 16:07:45', '2018-04-24 16:07:45', '0'),
(37, 'Mubashir Razzaq', 'user', 'mubashir_razzaq@hotmail.com', '465a335c3c5e3c9f2240c862dcaefcce', 'lMkr@196196', 'Male', '', '2018-04-29 12:07:10', '2018-05-09 13:19:55', '1'),
(38, 'Sudip De Sarkar', 'user', 'sudip.desarkar@gmail.com', '3990f7afe4efc6096557df28fbcf56db', 'Suds@1988', 'Male', '22754773', '2018-05-02 08:32:25', '2018-06-02 07:54:10', '0'),
(39, 'Kannan', 'user', 'kgov@iti.sdu.dk', '837bb028089842e1ca04a3c85829cdea', 'devika', 'Male', '65503188', '2018-05-03 03:37:47', '2018-05-03 03:37:47', '0'),
(40, 'rachana shah', 'user', 'kapil_kc@hotmail.com', 'cbbb056e2705bdc6d1496c6c27d29d9a', 'karoline141', 'Male', '28897151', '2018-05-03 19:17:57', '2018-05-03 19:20:27', '1'),
(41, 'Rajina', 'user', 'regi10_nira@yahoo.com', '60afbe7b469a55cab14a58695a7e4c72', 'r9849121396', 'Male', '91481859', '2018-05-03 21:03:26', '2018-05-03 21:03:26', '0'),
(42, 'Saroj', 'user', 'saroj.panday045@gmail.com', '5df26f24881168cce8b89a6d2e35c6dc', 'mamata19', 'Male', '42835452', '2018-05-05 07:06:29', '2018-05-05 07:06:29', '0'),
(43, 'Olha', 'user', 'olha.vasiuk@gmail.com', '96c8214ad42958e3b7e8cf700d47d405', '101083', 'Male', '71530771', '2018-05-07 11:15:58', '2018-06-07 11:49:46', '0'),
(44, 'Krishna Thapa ', 'user', 'kbtdang@hotmail.com', '3ea08b9c5be188010609f1a71964d165', 'chhetri100', 'Male', '71363174 ', '2018-05-08 18:59:54', '2018-06-10 07:33:02', '0'),
(45, 'Poornima', 'user', 'ambati.poornima@flsmidth.com', 'c973edad04c715959c7a76a9e58ee33d', 'sarika123', 'Male', '30932213', '2018-05-16 21:24:40', '2018-05-16 21:31:17', '1'),
(46, 'Omar Nisar', 'user', 'omar.nisar@outlook.com', 'aeeeb995dd887f8488f3d7a2ac675203', 'iloveu99', 'Male', '30968838', '2018-05-20 18:39:17', '2019-11-18 19:16:18', '1'),
(47, 'Achuthan Babu', 'user', 'achuthan.iitk@gmail.com', 'd7c0e46828362b9081e39b809b59388e', 'ge12energy', 'Male', '71546529', '2018-05-21 14:10:22', '2018-08-22 08:34:36', '0'),
(48, 'Ajay Kumar Arora', 'user', 'ajay1arora@gmail.com', '8c908f85eaafc5d53e98d5a9b1a5dcbd', 'magic123', 'Male', '24347226', '2018-05-22 20:07:32', '2018-05-22 20:09:12', '1'),
(49, 'Pia Mailhot-Leichter', 'user', 'pia.djem@gmail.com', '2c032f860ccfb8b3b2776e6dc46e6b43', 'I8pancakes', 'Male', '60927336', '2018-06-01 09:20:19', '2018-06-01 09:21:03', '1'),
(50, 'Pavan Bandreddy', 'user', 'bpavannaidu@gmail.com', '350c9d901b7f1c73a481e240ec1b7c0b', 'qwerasdf', 'Male', '71433003', '2018-06-03 17:53:55', '2019-06-03 05:22:20', '1'),
(51, 'Chetan Dahale', 'user', 'chetandahale@hotmail.com', '7c79dd68b400e6b0c9f99f8f221dae26', 'zxcv1234', 'Male', '52189271', '2018-06-04 08:32:21', '2018-06-04 08:34:06', '1'),
(52, 'Leizel Avila', 'user', 'leizel_avila@yahoo.com', '40203abe6e81ed98cbc97cdd6ec4f144', 'mouse', 'Male', '30936959', '2018-06-04 13:59:37', '2018-06-04 14:01:35', '1'),
(53, 'Bhaskar Khanal', 'user', 'bhaskar.khanal@gmail.com', '931167b605567286e6dc882bb165e1db', 'benzmix79', 'Male', '91709001', '2018-06-05 10:12:17', '2018-06-05 10:14:22', '1'),
(54, 'Raisul Islam', 'user', 'islam.raisul@yahoo.com', 'e627ed55e3d102d8cd38a5c823393556', 'raisul023', 'Male', '30117705', '2018-06-06 19:55:45', '2018-06-06 19:55:45', '0'),
(55, 'Sourav Das', 'user', 'souravdas04@yahoo.com', '35d00eb7b6f214e9fc75060116d77260', 'tomosha18#', 'Male', '50246236', '2018-06-30 08:48:55', '2018-06-30 08:48:55', '0'),
(56, 'Iftikhar Ahmed', 'user', 'cba@gmail.com', '900150983cd24fb0d6963f7d28e17f72', 'abc', 'Male', '91628048', '2018-09-23 15:40:23', '2018-09-23 15:40:23', '0'),
(57, 'Mohammed mozammel hoque', 'user', 'mhoque_bdctg@yahoo.com', 'bd73dc12ae4795e78886e3872c94dbde', 'Bismillahi21', 'Male', '91411944', '2018-09-25 17:42:01', '2018-12-06 17:31:19', '0'),
(58, 'Chiranjivi sapkota', 'user', 'csapkota21@gmail.com', 'ac22fd4a51d76f6e60e2e652e4a12205', 'chiran21', 'Male', '71553255', '2018-09-28 16:37:11', '2019-06-16 06:18:07', '1'),
(59, 'Rajesh hameed', 'user', 'rajeshhameed@yahoo.com', '3ff430ce9b7f473a5a678175fd05930d', 'hannah1984', 'Male', '51780890', '2018-10-21 12:44:10', '2018-10-21 12:44:10', '0'),
(60, 'regis Tshibangu', 'user', 'regisdiata@gmail.com', '5ebd31e1c77468c9c3f2b816a3bc37ed', 'elijean1', 'Male', '60479475', '2018-10-25 13:33:31', '2018-10-29 16:48:00', '1'),
(61, 'Biswo Jit Khadka', 'user', 'biswo_winner@hotmail.com', '0c61f1ef05f6c845f1ba60d94e3bab8a', 'Struggle', 'Male', '40564656', '2018-10-31 14:57:56', '2018-10-31 15:00:58', '1'),
(62, 'Arshad Iqbal', 'user', 'iqbal.arshad.79@gmail.com', '1e918cc73e47a1cf9f8ef54484d061c2', '91670079', 'Male', '91670079', '2018-11-02 20:35:36', '2019-07-07 18:19:12', '0'),
(63, 'erika', 'user', 'erikampinto@gmail.com', '9e1ce699c8968832c7b9ff6a37fb808e', 'vH3-nbI-wBS-IQs', 'Male', '53824546', '2018-11-08 13:14:55', '2018-11-08 13:16:13', '1'),
(64, 'Daniel D\'Andrea', 'user', 'amigos84@hotmail.com', '7bc8e5c53cf50e51882a53278d8286e2', '1003DnL', 'Male', '+4522326684', '2018-11-08 19:35:51', '2018-11-08 19:39:49', '1'),
(65, 'Shafqat', 'user', 'shafqat.majoka@gmail.com', '2596367a8af9ae88e0dac96f107a7461', 'Allahyar0010', 'Male', '81741100', '2018-11-08 22:56:44', '2018-11-08 23:04:19', '1'),
(66, 'Rajeev', 'user', 'contact.rajeev@gmail.com', '02e98800f21e0d79b83c2f481614bc96', 'Rakesh150373', 'Male', '25571415', '2018-11-14 14:21:28', '2018-11-21 08:11:05', '1'),
(67, 'Chandrakanta Subedi', 'user', 'Chandrakanta.subedi@gmail.com', '962a36218a682120bee6374c0eb715a0', 'nepal123', 'Male', '31316374', '2018-11-17 19:01:22', '2018-12-19 14:21:18', '0'),
(68, 'Sabahat Haseeb', 'user', 'saba_haseeb@hotmail.com', '4252006395f926ae0346a51b9483779c', 'good123', 'Male', '+4591783191', '2018-11-18 13:10:01', '2018-11-18 13:12:11', '1'),
(69, 'Mirza Mohymen', 'user', 'mohymen033@gmail.com', 'aaee2aa2ef8f57a839e23eecda494bb0', 'csesust033', 'Male', '91667531', '2018-11-20 09:47:16', '2018-11-20 09:49:30', '1'),
(70, 'Ejaz', 'user', 'ej_es95@yahoo.com', 'db5d4b8ac2789f149a5acc36ed2bcafb', 'adan2011', 'Male', '42249152', '2018-11-21 10:16:59', '2018-11-21 10:24:00', '1'),
(71, 'Milind Khandu Dumbare', 'user', 'milind.dumbare@gmail.com', '8175917313e351eb789717b824aa5462', 'Yat46Gat', 'Male', '53330206', '2018-11-23 20:12:33', '2018-11-23 20:13:15', '1'),
(72, 'Md Nazmul Haque', 'user', 't2infs_du@yahoo.com', '2c3ec5e191f61a412609ab2132cec451', 'gent1032', 'Male', '42227947', '2018-11-25 10:58:45', '2018-11-25 10:58:45', '0'),
(73, 'karthika', 'user', 'karthikasenguttuvan@gmail.com', 'fb0f42f36801d6314e4ad010a9a19352', 'kadavulae', 'Male', '', '2018-11-25 19:25:13', '2018-11-25 19:30:31', '1'),
(74, 'raji reddy gaddam', 'user', 'gaddamrajireddy@gmail.com', '50eb9801eed7bb4430abe499d3f0f333', 'Rajicititest', 'Male', '53812333', '2019-01-10 09:39:43', '2019-11-18 16:44:14', '0'),
(75, 'Nita Dalgaard', 'user', 'nitdenmark14@gmail.com', '5350400023c5360446a93d6c34075d45', 'bhuri133', 'Male', '27822337', '2019-02-12 18:54:23', '2019-03-24 12:43:16', '0'),
(76, 'Saeed Golestan', 'user', 'saeed.golestan@gmail.com', 'b8ddd261bf2a39ed31b983a906fcd740', 'saeed810250', 'Male', '', '2019-03-02 21:44:00', '2019-03-02 21:44:00', '0'),
(77, 'Florabelle Gallardo', 'user', 'sassybambi@gmail.com', '486c762fab3e651c7fb6e1b82c9e3039', 'Macbelle01', 'Male', '53681699', '2019-03-05 22:33:48', '2019-03-05 22:33:48', '0'),
(78, 'Dasol Hwang ', 'user', 'h.dasol90@gmail.com', 'c950c42bf282acd402962f55606a7cb8', 'gkqrur!2', 'Male', '42683054', '2019-04-15 09:49:18', '2019-04-22 09:08:34', '1'),
(79, 'Nelson Bejarano', 'user', 'nbeja21@gmail.com', '3cfa44eec7b491957d110455ff41a6cc', 'Blackout1986', 'Male', '42156701', '2019-04-28 21:25:20', '2019-04-28 21:25:20', '0'),
(80, 'sachin sama', 'user', 'sama.sachin@gmail.com', 'e34090688069fafd2653fadbafa2c400', 'sachin1234', 'Male', '71729999', '2019-05-01 08:47:31', '2019-06-02 16:20:26', '1'),
(81, 'XenInsab', 'user', '4e7dfdg@yandex.com', 'a38cd93be03e642aa4c78829735ad2b9', '#l3negU2h9Z', 'Male', '83595978256', '2019-05-01 19:54:56', '2019-05-01 19:54:56', '0'),
(82, 'Prakash Thangachan', 'user', 'pthangachan@gmail.com', 'bd460dcce180e8561e65f4c5ae5e576c', 'Chithira75', 'Male', '51680578', '2019-05-02 18:04:10', '2019-05-02 18:04:10', '0'),
(83, 'SUNIL', 'user', 'sundk50@gmail.com', '53c66b1f09ae20ca568004f38b9715dd', '*Bilee19', 'Male', '50109095', '2019-05-08 10:26:13', '2019-05-08 10:27:46', '1'),
(84, 'Vital Reddy Mynampati', 'user', 'vitalreddym@gmail.com', '7e4f6f5920373b5c4d369907c0c9ee97', 'June@2019', 'Male', '71660412', '2019-05-09 16:43:29', '2020-05-02 19:50:45', '0'),
(85, 'Nakul Singh Shekhawat', 'user', 'nakulshekhawat@gmail.com', '353e7837df4e72dfb840f14a91b79601', 'gauri1858', 'Male', '23204821', '2019-05-18 11:45:09', '2019-05-18 11:46:36', '1'),
(86, 'Dzu', 'user', 'tzakus@gmail.com', '0f1de9acdc6fec07e4aa5153db82102f', 'Yk7p=kTURz', 'Male', '', '2019-05-18 13:11:25', '2019-05-18 13:22:29', '1'),
(87, 'Elham Rahbar', 'user', 'elham3121@gmail.com', 'f6cbe4f01f6fa745cbd170760d91695b', 'Arshida,2009', 'Male', '92257295', '2019-05-18 14:11:42', '2019-05-18 14:13:07', '1'),
(88, 'Edil', 'user', 'edilberhane@yahoo.com', '44d55f680c6eb32e61da3708431e9d5b', 'Misli6094', 'Male', '', '2019-05-29 09:23:56', '2019-05-29 09:23:56', '0'),
(89, 'Sirajam Munira', 'user', 'nirazio@gmail.com', '7f2db51094c2fa3536029d3ae6af1412', 'Akissm12', 'Male', '26458884', '2019-05-30 10:13:06', '2019-05-30 10:16:20', '1'),
(90, 'cecile', 'user', 'cecilejabaan@yahoo.com', 'a8106c48275d650c9b3da59e5c3dbebc', 'forgotpassword07', 'Male', '61782447', '2019-06-01 21:58:27', '2019-06-01 22:04:22', '1'),
(91, 'Chirag Sharma', 'user', 'chiragsharma91@gmail.com', '94a76b32870142e5cd5db089fc83b9d8', 'Chirag674865', 'Male', '42557707', '2019-06-02 11:14:43', '2019-06-02 11:16:09', '1'),
(92, 'Esmaeil', 'user', 'ebrahimzadeh.es@gmail.com', 'e10adc3949ba59abbe56e057f20f883e', '810189052E', 'Male', '52261395', '2019-06-02 19:23:56', '2019-06-03 19:01:46', '1'),
(93, 'saeed', 'user', 'sgd@et.aau.dk', 'b8ddd261bf2a39ed31b983a906fcd740', 'saeed810250', 'Male', '', '2019-06-02 22:29:17', '2019-06-02 22:29:17', '0'),
(94, 'Samson Echeta Echeta', 'user', 'echevent@yahoo.com', 'b0f1c94a760ee5c957884516d2a3f3ef', 'mgbocha1974', 'Male', '22899340', '2019-06-04 08:36:56', '2019-06-04 08:43:42', '1'),
(95, 'David Valdes', 'user', 'valdes.david17@gmail.com', '332ff90c30422742f0fe7444fbee00aa', 'meb8M8pm', 'Male', '+4550296500', '2019-06-05 06:16:17', '2019-06-05 06:17:33', '1'),
(96, 'Niloofar yavari', 'user', 'yavari.niloofar@gmail.com', '532dbd7f7f7716924e5f7613c38c4505', 'baran1395', 'Male', '50382451', '2019-06-05 17:00:10', '2019-06-05 17:00:10', '0'),
(97, 'Sariboth Sen', 'user', 'saribothsen@yahoo.com', '04a7747f377624eaa8fe84fc61b318b7', 'fjfjfj81', 'Male', '30209578', '2019-07-13 19:04:02', '2019-07-13 19:04:02', '0'),
(98, 'samsunt', 'user', 'samsunt@hotmail.com', 'ef0fc0d20ef2b95e5a5995a02c6596b2', 'hot121', 'Male', '', '2019-09-12 03:57:41', '2019-09-12 03:57:41', '0'),
(99, 'Sivakrishna Padavala', 'user', 'sivabth@gmail.com', '689af327b016e340d4603f50f0d5625f', 'padavala', 'Male', '53372234', '2019-09-17 10:54:28', '2019-09-20 17:43:05', '1'),
(100, 'SUNITHA', 'user', 'sunitha.chem@gmail.com', '234de8e28f4c792b924c6a902d46d081', 'Babbu@143', 'Male', '31868417', '2019-10-07 22:13:42', '2019-10-29 10:52:58', '1'),
(101, 'Abrarahmed Gulamfarid Shaikh', 'user', 'abrar.sh313@gmail.com', 'b84a9c3caa568ab335be0a5fdbf52150', 'Zulf1khar@@1', 'Male', '31556671', '2019-10-20 16:28:07', '2019-10-20 16:28:07', '0'),
(102, 'ewzonyas', 'user', 'evonu95@mail.ru', 'e24f7dcfcbc1cb95284f1abc81edf9c4', 'He837wvQ', 'Male', '87753144573', '2019-10-23 04:08:26', '2019-10-23 04:08:26', '0'),
(103, 'Khadija Begum ', 'user', 'khadijabagum88@hmail.com', 'c8a99ad601bcd1cfdf3434b31c1077f7', '1706hakim', 'Male', '91744464', '2019-10-28 18:19:08', '2019-10-28 18:19:08', '0'),
(104, 'Mohammad Alsharaa', 'user', 'msharaa882@gmail.com', 'ca5c682effb00582e7dc59488ded36b9', 'Fedaa1982', 'Male', '60506086', '2019-10-29 19:30:21', '2019-10-29 19:33:35', '1'),
(105, 'Azim Uddin', 'user', 'azim.charles@gmail.com', '3ac547704a9bfe4d35dd8b24da35edbc', 'Azim2019!', 'Male', '91456899', '2019-11-03 08:45:08', '2019-11-03 08:47:15', '1'),
(106, 'KHADIJA BEGUM', 'user', 'khadijabagum88@gmail.com', '7d6320056e9bd9ca1c311b6dcb9dc49b', '1706HAKIM', 'Male', '91744464', '2019-11-04 21:40:12', '2019-11-04 21:46:15', '1'),
(107, 'Linda Serwaa', 'user', 'danilingh@yahoo.com', '26d8e3ba4a37a0db8585adb52b0ff22c', 'caleb2020', 'Male', '71556964', '2019-11-06 12:38:02', '2019-11-25 07:51:40', '1'),
(108, 'Shilpa kharel niroula', 'user', 'danelle_gal@yahoo.com', '8ef22e6dfd828dc9693f38eccfc8e94f', 'change1', 'Male', '53555186', '2019-11-08 08:04:01', '2019-11-08 08:06:43', '1'),
(109, 'krishna subedi', 'user', 'krisubedi3@yahoo.dk', '238e96f77a7c75c0a2c7aa54e100dac6', 'Jaljala5', 'Male', '4571582606', '2019-11-16 21:17:50', '2019-11-16 21:23:56', '1'),
(110, 'Allenhierm', 'user', 'yourmail@gmail.com', 'afd429177925add8e3a6c321e9f0e0fe', 'ud7$f34jjLO', 'Male', '84963714587', '2019-11-18 20:13:35', '2019-11-18 20:13:35', '0'),
(111, 'Narendar', 'user', 'narendar1024@gmail.com', '0192023a7bbd73250516f069df18b500', 'admin123', 'Male', '71670872', '2019-11-21 10:08:59', '2019-11-21 10:30:31', '1'),
(112, 'Pritam B', 'user', 'pritam.bolenwar53@gmail.com', '46e388a5aeafac3a5b0982bf60e91546', 'pritam321', 'Male', '30731006', '2019-11-24 18:18:40', '2019-11-24 18:18:40', '0'),
(113, 'Davidsak', 'user', 'yourmail229@gmail.com', 'db414bbdd073b1eff5b1a4ecb8416274', 'A72et%du3bR', 'Male', '82145463374', '2019-11-26 14:23:04', '2019-11-26 14:23:04', '0'),
(114, 'Umer Riaz ', 'user', 'umerriaz@hotmail.com', 'd1ffcdbc9162a106085e531dbe614fc2', 'Ammar501517', 'Male', '31139345', '2020-01-14 22:08:30', '2020-01-14 22:08:30', '0'),
(115, 'Jamesvenny', 'user', 's.z.y.m.anskiashley5@gmail.com', 'fd74a53dbc6812311dc5bcb74677cd9b', '#6wto9y3QxQ', 'Male', '83276299874', '2020-02-08 22:39:45', '2020-02-08 22:39:45', '0'),
(116, 'AaronJuicy', 'user', 'inbox100@glmux.com', 'bc146d074418851cbabd7e83476f928a', 'ujAn1rw^91O', 'Male', '86378189723', '2020-02-14 12:35:38', '2020-02-14 12:35:38', '0'),
(117, 'Ling Ding', 'user', 'bcdingling@yahoo.com', '04a24989b0a01c2204420e8d9a5d19c4', '511donglihua', 'Male', '50333791', '2020-02-17 20:46:47', '2020-02-17 20:50:38', '1'),
(118, 'Arif Usman ', 'user', 'akash_ktk@yahoo.com', 'cdc7a248ea33014c3fd0f69c16bbb3dd', 'gulalai1990', 'Male', '92250788', '2020-02-19 10:00:57', '2020-02-19 10:00:57', '0'),
(119, 'Faisal ', 'user', 'djfaisal@gmail.com', '71542c1fad4ffecc2a46de445ce0436f', 'Pakarmy1', 'Male', '50164641 ', '2020-02-26 15:29:24', '2020-02-26 15:46:08', '1'),
(120, 'Adeel akhtar', 'user', 'adeelimz@yahoo.com', 'd39dea721d21bb4a2f0625f24f69cb4c', '4qrpte', 'Male', '42755718', '2020-03-08 09:57:55', '2020-03-08 09:57:55', '0'),
(121, 'Kwxymbond', 'user', 'iuthgim@4serial.com', 'f3d90a15a9bf18f48a6a84e457113326', '2ytv1qaK9H', 'Male', '82518814312', '2020-03-18 12:22:46', '2020-03-18 12:22:46', '0'),
(122, 'Mina sayed jalaluddin Sadat ', 'user', 'mina70002@hotmail.com', '839787f5f1ac79ca8370ba4cb35cf718', 'Nagien1429', 'Male', '91683854', '2020-05-04 13:24:17', '2020-05-04 13:24:17', '0'),
(123, 'Veeresh Kumar Sirimalla', 'user', 'veereshkumar3737@gmail.com', '3a23370ed3e505e4a0530c4c58f850f2', 'Mechanism@1', 'Male', '71366918', '2020-05-21 16:44:33', '2020-05-21 16:44:33', '0'),
(124, 'Andriy Garmatiy', 'user', 'agarmatiy@hotmail.com', '8977ae2da37e7d2861b98f832231fce3', 'Logmein1234', 'Male', '25171258', '2020-05-24 13:22:24', '2020-05-24 13:22:24', '0'),
(125, 'Bebita', 'user', 'itsbebita@hotmail.com', '4c89e276cf76d81d718657fa845bb935', 'Babydansk20', 'Male', '30322847', '2020-05-25 19:31:38', '2020-05-25 19:31:38', '0'),
(126, 'Min Bahadur Gurung', 'user', 'gurungmin90@gmail.com', '5589b86d03110cd30f21cf09a67760d6', 'sneha123', 'Male', '42773257', '2020-05-26 10:26:06', '2020-05-26 10:26:06', '0'),
(127, 'Terrance Nanayakkara', 'user', 'drterrance88@gmail.com', '370574fb6b12bfabab1b23a7b8c11c0a', 'terrance', 'Male', '+4522550514', '2020-05-31 21:52:03', '2020-05-31 21:52:03', '0'),
(128, 'Farzana Naheed Shume', 'user', 'shabbir899@yahoo.com', 'd18f9d7a478bbe93f68e40e35782b468', 'Patuakhali123', 'Male', '25888540', '2020-06-07 08:51:55', '2020-06-07 08:51:55', '0'),
(129, 'Amol Ramesh Chopade', 'user', 'amol.chopade@gmail.com', 'fa27c402bfc4956494bbd073277a4495', 'Amol123', 'Male', '23839374', '2020-06-24 14:50:34', '2020-06-24 14:50:34', '0'),
(130, 'nutan', 'user', 'nutan2k2@yahoo.com', 'dec0bfb69418b7726657ad85a897c624', 'Aadi2007', 'Male', '30772248', '2020-07-20 20:47:48', '2020-07-20 20:47:48', '0'),
(131, 'Elaine Christensen', 'user', 'ela_avrilspark@yahoo.com', '602c2361c3601a55d71b99a67049138f', 'odejoca20', 'Male', '', '2020-08-13 07:23:26', '2020-08-13 07:23:26', '0'),
(132, 'Bertel Berthelsen', 'user', 'burmadk87@yahoo.com', '91716d20fc435e6dce49dd554604622b', 'Kuhu2016', 'Male', '42666864', '2020-09-01 08:03:31', '2020-09-01 08:03:31', '0'),
(133, 'Hardik Harshadkumar Patel', 'user', 'hardik@dhyaninfo.com', 'b3f947379e88aab49c26f395aa0ebaee', 'abcd@123', 'Male', '53559669', '2020-09-24 10:01:20', '2020-09-24 10:01:20', '0'),
(134, 'Narmada marasini poudel', 'user', 'narmada.kusum77@gmail.com', '7c016596623416e48fee2b3a5bb8a96f', 'Narmada', 'Male', '53341127', '2020-10-03 16:48:20', '2020-10-03 16:48:20', '0'),
(135, 'Laxmi Thapa Silwal ', 'user', 'join_rashmi@yahoo.com', 'd6bb8ee9051491de238c95af37ec2cc4', 'Rashmi1234', 'Male', '42162211', '2020-10-06 12:39:17', '2020-10-06 12:39:17', '0'),
(136, 'Sujit', 'user', 'sujitkhune@gmail.com', 'f3ac7b16e50344a14427607b6c29d484', 'Novo1234', 'Male', '30755899', '2020-10-09 14:27:25', '2020-10-09 14:27:25', '0'),
(137, 'inam ul haq', 'user', 'inam_grw@yahoo.com', 'f3ec2dba4fd01d8600f11818d3960e0c', 'Pak9642580', 'Male', '71723526', '2020-10-10 05:11:58', '2020-10-10 05:11:58', '0'),
(138, 'inam ul haq', 'user', 'memonainam@gmail.com', '9677a47768e92b2e132296535f61b20a', 'arisha123', 'Male', '71723526', '2020-10-10 16:26:43', '2020-10-10 17:27:34', '1'),
(139, 'Shaina Bano', 'user', 'shaheena.me@gmail.com', '584ac09fd6576dff357edaffdbc869d8', 'Mohseen123', 'Male', '71817413', '2020-10-11 08:38:14', '2020-10-11 08:38:14', '0'),
(140, 'Meriam ', 'user', 'maria.katrina24@yahoo.com', 'ca23550c8588b89a8a46e8dec1e4fb79', 'julycancer1988', 'Male', '42456180 ', '2020-10-15 18:21:49', '2020-10-15 18:21:49', '0'),
(141, 'Sangitalamsalpoudel', 'user', 'poudelsangita1991@gmail.com', '010448ca3fc14307c9789f8f81d98d23', 'fvu1991', 'Male', '42336043', '2020-10-16 06:20:08', '2020-10-16 06:20:08', '0'),
(142, 'ANAS JAMIL KHAN', 'user', 'anasjamilkhan@gmail.com', '0d72a9f669f58a0c8361c3036920e2f9', 'khato1234567', 'Male', '23919038', '2020-10-22 23:28:58', '2020-10-22 23:28:58', '0'),
(143, 'Alireza Taherkhani', 'user', 'a.t82@hotmail.com', 'b37ccdaa0e327e876762853626c1b4e4', 'ATS25661', 'Male', '+4593936699', '2020-10-26 21:26:35', '2020-10-26 21:26:35', '0'),
(144, 'Carsten', 'user', 'carstenoejnemands@hotmail.com', 'b10232ff923d3a3daf59eedd0951c157', 'troldmanD1!', 'Male', '99119999', '2020-10-27 17:45:56', '2020-10-27 17:45:56', '0'),
(145, 'Khatira Zamani', 'user', 'khatirazamani@gmail.com', '81dc9bdb52d04dc20036dbd8313ed055', '1234', 'Male', '23919038', '2020-10-28 00:10:13', '2020-10-28 00:15:54', '1'),
(146, 'Hamza', 'user', 'hz@yahoo.com', '25d55ad283aa400af464c76d713c07ad', NULL, NULL, '12345678', '2020-10-31 07:21:11', '2020-10-31 07:21:11', '0'),
(147, 'Gangaprasad Ankam', 'user', 'ankam.gangaprasad@gmail.com', 'b1db5cfa8d2d425cdbc27d33468dbb4f', 'prrasad&vani1', NULL, '91667273', '2020-11-05 09:25:36', '2020-11-05 09:27:27', '1'),
(148, 'Rada zarasvand asadi', 'user', 'Rada_asadi@yahoo.com', '4b8e741d74add470f447a7f83fb0b7d0', '12392rada252', NULL, '91117255', '2020-11-06 00:48:39', '2020-11-06 00:48:39', '0'),
(149, 'manish srivastava', 'user', 'manish.manisms@gmail.com', '77ae315fc29587ed9980bea00ed6fd00', 'samit123', NULL, '+4591693344', '2020-11-15 17:35:24', '2020-11-15 17:35:24', '0'),
(150, 'TJ', 'user', 'doctor.eatmon@gmail.com', 'a250e117b95fd72937944f0a419d75cc', 'Citizen2020!', NULL, '', '2020-11-17 19:25:13', '2020-11-17 19:48:52', '1'),
(151, 'Anant Srivastav', 'user', 'anant.srivastav@gmail.com', 'dcc817d656ee19771ea19b93b5c305de', 'DanMed2020PR', NULL, '71568294', '2020-11-19 21:34:17', '2020-11-19 21:37:58', '1'),
(152, 'Anuj Chawla', 'user', 'anujchwl@gmail.com', '63969e81d4d93c86cc110ab610ca7b2c', 'Denmark@1234', NULL, '71367220', '2020-11-20 14:37:29', '2020-11-20 14:37:29', '0'),
(153, 'Mohammad kamal Hossain', 'user', 'kamal7bjn@gmail.com', '130281cb33e43d8af2edaca9f3b631cb', '16101979', NULL, '71544230', '2020-11-23 16:47:46', '2020-11-23 16:47:46', '0'),
(154, 'Muhammad Faisal', 'user', 'faisal@gmail.com', '82a11da6f6ef6842d6fba27a93f0ee3f', NULL, NULL, NULL, '2020-11-25 10:42:03', '2020-11-26 11:17:18', '0'),
(155, 'Larrypap', 'user', 'earnx2btc.com@gmail.com', '28c1d8e350e7add9a2c41c82e4a8d699', '@w21vjn4gPV', NULL, '86334391613', '2021-02-14 21:57:23', '2021-02-14 21:57:23', '0'),
(156, 'Jeffreysit', 'user', 'accsmarket.net@gmaildot.com', 'f2b952823e8c35a664a07a1b5b7f7b1a', 'q8Iy&2bd8uJ', NULL, '85395416731', '2021-02-15 21:39:29', '2021-02-15 21:39:29', '0'),
(157, 'Vorided', 'user', 'support@cpagetti.com', '8ff683e96f56bde55dae8e99121ea066', '9u11vjHrh$X', NULL, '88832816586', '2021-02-19 05:16:06', '2021-02-19 05:16:06', '0'),
(158, 'Doublebtc-mer', 'user', 'doublebtc.net@gmail.com', '8be5d98b93a5ea4309a4becd8ea3dd7c', 'h^Zc2pb99yD', NULL, '86646418544', '2021-02-25 21:33:08', '2021-02-25 21:33:08', '0'),
(159, 'sravanthi singam', 'user', 'sravanthiravula2010@gmail.com', 'dbea7632a7b76c03d9fd6c21f79493bc', 'Sahasra3158', NULL, '91464789', '2021-03-04 18:51:10', '2021-03-04 18:51:10', '0'),
(160, 'JERRY   TALEMWA KYAKUWA', 'user', 'jerrytakyakuwa@yahoo.dk', 'f93d383c715785520adf71da745efd50', 'Kabaka1966', NULL, '60736359', '2021-03-11 11:55:42', '2021-03-11 11:55:42', '0'),
(161, 'Ahmad Ismaiel Bietar', 'user', 'sham1199sy@gmail.com', '13a56af3b93c41c37410bb8b559367da', 'ahmadbietar0669', NULL, '93847968', '2021-03-19 11:33:39', '2021-03-19 11:33:39', '0'),
(162, 'Huixin Jiang ', 'user', 'jianghuixin066@gmail.com', '3189edfb43790e373f4b07a9d9cada00', 'guoguo123', NULL, '71660728', '2021-05-10 19:24:46', '2021-05-10 19:27:43', '1'),
(163, 'Sarabpreet Singh', 'user', 'sarab.sabu87@gmail.com', 'cdf3dde35fbe53b7f1d0f8a9dbc4e3d6', 'Preetall', NULL, '91997158', '2021-05-28 12:47:52', '2021-05-28 12:50:22', '1'),
(164, 'RamonLot', 'user', 'xrumerspamer@gmail.com', '468dcb02183fb9256c75612ec329166f', '5eIud6^e6eC', NULL, '84883982738', '2021-07-11 08:09:40', '2021-07-11 08:09:40', '0'),
(165, 'Arafatul Chowdhury', 'user', 'arafatc52@gmail.com', '49db45d1db70d4ed61350f5d0193813a', 'arafat617306', NULL, '71586618', '2021-07-16 06:51:09', '2021-07-16 06:51:09', '0'),
(170, 'Ayaz Suleiman', 'user', 'ayazsliman1992@gmail.com', '9668b74e9028b81c67da6230724fff53', 'ayaz1992', NULL, '42342427', '2021-09-24 10:01:51', '2021-09-24 10:01:51', '0'),
(172, 'Georgi Dimitrov', 'user', 'gdimitrovau@gmail.com', '07c7975b4a191cb0c3e00cdc852de926', 'Qzidmp1987', NULL, '50237843', '2021-09-27 20:57:39', '2021-09-27 20:57:39', '0'),
(173, 'Yemane Fessehaye Asfaha', 'user', 'yemanefish84@gmail.com', '27aeed3127ceb4532a7f5b156c4344a3', 'yemane15', NULL, '91664610', '2021-09-30 21:37:35', '2021-09-30 21:37:35', '0'),
(174, 'Uchenna Godwill Onyekaba', 'user', 'uchenna_onyekaba@yahoo.com', '9809ed470e9e6aeda8d91e01a9814b00', 'ThankuJesus1', NULL, '29363868', '2021-10-02 17:59:29', '2021-10-02 18:42:31', '1'),
(175, 'brhanewele.bw@gmail.com', 'user', 'brhanewele.bw@gmail.com', '3dee5912cde46c2627dcb40352f1655c', 'shu20031', NULL, '71402814', '2021-10-04 08:38:07', '2021-10-04 08:38:07', '0'),
(176, 'Samuel Almedom', 'user', 'almedomsamuel@gmail.com', '0d96606f891d784fb4b0982b39a10f65', '12345samue', NULL, '50232526', '2021-10-07 10:00:08', '2021-10-07 10:04:14', '1'),
(177, 'Sana Saeed', 'user', 'shinesana18@gmail.com', '28d737a98fbf9b7fa665faf67c28f16f', '786Allahswt', NULL, '25540786', '2021-10-09 17:38:35', '2021-10-09 17:38:35', '0'),
(178, 'amna magzoub', 'user', 'amna.magzoub1901@gmail.com', 'ba07a6647b79443020ed9a72816b16a9', 'AmmoonA94', NULL, '22499400', '2021-10-11 16:43:33', '2021-11-02 21:25:55', '1'),
(180, 'liusi', 'user', 'liusi1977@hotmail.com', 'a49dd8dc59d87740f299afd6e058f068', 'Sisi4830355', NULL, '30333240', '2021-10-25 17:48:54', '2021-10-25 17:50:31', '1'),
(181, 'Hashem Jumaa', 'user', 'Hashemjumaa36@gmail.com', 'cdb6a5ba32b5c125c5a749e98941505f', '19121957ha', NULL, '71538574', '2021-10-27 12:40:56', '2021-10-27 12:43:41', '1'),
(182, 'Ahmed Hassan', 'user', 's0s0s2009@hotmail.com', '35f34aaa60df46f87dfa4fbc92dce85b', 'd281977', NULL, '9145546', '2021-10-27 18:26:08', '2021-10-27 18:26:08', '0'),
(184, 'Louella Tan', 'user', 'Wellabtan@gmail.com', '6edcbb592ffe1638c8dbca63f1bb9f27', 'SeraphBenito0417!', NULL, '53370128', '2021-11-01 15:32:12', '2021-11-01 18:49:44', '1'),
(185, 'Radhika Mynampati', 'user', 'radhikamynampati@gmail.com', 'cf7a173d91443530206d02c5b693290a', 'test@21', NULL, '71660413', '2021-11-01 17:55:21', '2021-11-14 15:57:34', '1'),
(186, 'Jacob Jawad', 'user', 'tiba.younes@hotmail.com', '083af24243207a87b587d00e12cc30ca', 'younes', NULL, '30279855', '2021-11-02 19:21:09', '2021-11-02 19:23:10', '1'),
(187, 'Valentyna Mazur', 'user', 'valyaivankova24@gmail.com', 'e10adc3949ba59abbe56e057f20f883e', '123456', NULL, '93303150', '2021-11-03 09:46:18', '2021-11-03 09:46:18', '0'),
(188, 'Abrham', 'user', 'abrhamnugu123@gmail.com', 'd729a00aaf6160589f48f540d5779ec1', 'abrham', NULL, '31171478', '2021-11-03 10:26:59', '2021-11-03 10:26:59', '0'),
(189, 'Mahmoud Alsagher', 'user', 'mhmsghrp87@gmail.com', 'd7937a2ac48bd8fe66f9e6463cf5b34b', 'mhm448', NULL, '31862858', '2021-11-09 16:14:03', '2021-11-09 16:14:03', '0'),
(190, 'Bangin', 'user', 'Banginali22@gmail.com', 'dd055f53a45702fe05e449c30ac80df9', '1976', NULL, '42334988', '2021-11-09 17:00:20', '2021-11-09 17:00:20', '0'),
(191, 'Jihye kim', 'user', 'jhvalse@gmail.com', '7daba178b27ab28377a499fe249618c8', '7576vicode', NULL, '53644659', '2021-11-09 21:49:27', '2021-11-14 22:52:49', '1'),
(192, 'Maha', 'user', 'Mahaali3488@gmail.com', 'e12582f1953cf2177339dc3a4de1f8f9', 'mk31372273', NULL, '31372273', '2021-11-10 12:29:55', '2021-11-10 12:29:55', '0'),
(193, 'Mohammad Goodarzi', 'user', 'tisted.2012@gmail.com', '3eb2844861c9c0cfad2af6a888539211', 'tahran1388', NULL, '+4571400954', '2021-11-13 00:50:04', '2021-11-17 20:42:01', '1'),
(194, 'Cricenta', 'user', 'cricentaboteju@gmail.com', 'bd5e1ad4ccbb0c95b3abe74efbac5bc0', 'TEST2021', NULL, '29453319', '2021-11-15 00:49:12', '2021-11-15 22:48:42', '1'),
(195, 'Mohammad Goodarzi', 'user', 'Kahroba_mh29@yahoo.com ', '3eb2844861c9c0cfad2af6a888539211', 'tahran1388', NULL, '+4571400954', '2021-11-15 22:41:22', '2021-11-15 22:41:22', '0'),
(196, 'Laura Dyhrberg', 'user', 'laurisvick@gmail.com', '495a466f627252cd655d74b2d2998aa5', 'LauGue1985', NULL, '21175444', '2021-11-16 09:27:32', '2021-11-16 09:29:34', '1'),
(197, 'Marilou Rafa', 'user', 'marilourafa75@gmail.com', 'a0e17f0891940f03f4654c54f4e510f4', 'Enrico291519', NULL, '30531815', '2021-11-16 22:07:36', '2021-11-16 22:15:13', '1'),
(198, 'Zarife Syla', 'user', 'finestx@yahoo.com', 'd9bb652d24824531e27b5b70f879f865', 'zarife1509', NULL, '53536864', '2021-11-17 17:38:36', '2021-11-17 20:18:23', '1'),
(199, 'Mansoor Abdul', 'user', 'Mansoorabdul262@gmail.com', 'ed99b82a5a3bcd612eb39591496617ad', '1988foru', NULL, '52420608', '2021-11-17 18:58:54', '2021-11-17 18:59:19', '1'),
(200, 'Shaeema Zaman Ahmed', 'user', 'shaeema.ahmed@gmail.com', '6d805596e47a6bfbe6ae3977b85d55fd', 'CitizenExam22', NULL, '91858833', '2021-11-18 10:50:21', '2021-11-18 10:50:21', '0'),
(201, 'Erum Awan', 'user', 'erumawan.21@gmail.com', '3f9125e480a2152ac86a7c7bdf3ded5e', 'Appdev$786', NULL, '52658747', '2021-11-19 13:06:03', '2022-05-29 12:27:24', '1'),
(202, 'Manjunath M', 'user', 'manjunathsmulimani@gmail.com', '1238764104025491886d73bf6cec0c0d', 'Test@1time', NULL, '26480182', '2021-11-20 10:16:29', '2021-11-20 10:16:29', '0'),
(203, 'Venugopal ', 'user', 'venugopal.sapmm80@gmail.com', '2e6272d40b8ffe510811ad1e4c9ebf8e', 'venu2422', NULL, '26863963', '2021-11-21 11:55:28', '2021-11-21 11:56:27', '1'),
(204, 'Tao Jiang', 'user', 'todd_jiang@qq.com', '76b97ac7c03bc90de6b68194af1efaa7', 'jt19901027', NULL, '71815040', '2021-11-21 12:52:03', '2021-11-21 12:52:03', '0'),
(205, 'Donabella de la Rama', 'user', 'delarama_donabella@yahoo.com', '15883d9cf09be9d73547727b49a55db2', 'Nanaytatay1988', NULL, '42766549', '2021-11-22 19:59:39', '2021-11-22 20:00:26', '1'),
(206, 'Babir Khan', 'user', 'qari.babirali@hotmail.com', '97785e0500ad16c18574c64189ccf4b4', '5544', NULL, '71703673', '2021-11-23 07:54:51', '2021-11-23 07:54:51', '0'),
(207, 'José Luiz Ferreira', 'user', 'jlfsjunior@gmail.com', '3c3128cf3d503f739c82253262732af2', '23571113', NULL, '28997916', '2021-11-23 15:50:19', '2021-11-23 15:50:19', '0'),
(208, 'ruchi singh', 'user', 'ruchi.singh2405@gmail.com', '53396bd091114cb6fe8ddc1165f44caa', 'Ganesh_12', NULL, '91859616', '2021-11-23 16:59:34', '2021-11-23 17:08:05', '1'),
(209, 'Quynh Huong Nguyen', 'user', 'Candyking80@Gmail.com', '8007e914d2471f9cbba0ef9f375b18ee', 'huong1980', NULL, '24416887', '2021-11-23 17:51:39', '2021-11-23 17:54:51', '1'),
(210, 'Julieta Andriasyan', 'user', 'julieta.andriasyan@gmail.com', '26c6bfa49a9bf275dd77fc62ba880f16', 'Amberd68', NULL, '27285284', '2021-11-23 18:55:59', '2021-11-23 18:57:26', '1'),
(211, 'Jess Hansen', 'user', 'jess.frankland@gmail.com', 'b39610a5a14aa51a16acc967ba718d0c', '27Waiake', NULL, '29691481', '2021-11-23 21:48:44', '2021-11-23 21:50:04', '1'),
(212, 'Ali kazemi Nafchi', 'user', 'Alikazemi1983@yahoo.com', '8c6804aaf6f55c5bc8cd8983513a46dc', '201789', NULL, '52308287', '2021-11-24 02:20:07', '2021-11-24 02:21:26', '1'),
(213, 'Yonas Guesh', 'user', 'Yonas383838@yahoo.com', 'e2ac4e78db0bba6f56062c3778bbd1b1', '838383ABBA', NULL, '52729224 ', '2022-01-16 02:48:25', '2022-01-16 02:48:25', '0'),
(214, 'Yonas Guesh', 'user', 'Ethyo838@yahoo.com', '1de116dac1f79c7a002fb4548b6d7d90', 'Tkdem88833AAA', NULL, '52729224 ', '2022-01-16 10:37:14', '2022-01-16 10:46:31', '1'),
(215, 'Saeed seifi', 'user', 'Saeeddk@hotmail.com', 'ee551af845bf55f3bf975d7f31b0ba2a', 'roslin2012', NULL, '42671163', '2022-01-26 16:40:41', '2022-01-26 16:40:41', '0'),
(216, 'david olusola', 'user', 'davidolusolasegun@gmail.com', 'f4ac4b9ecb65db3d1da6aa31ccb00a1b', 'Queen123', NULL, '91712687', '2022-02-05 14:22:01', '2022-03-07 09:43:29', '1'),
(217, 'Masoumeh Shenasvand', 'user', 'shaki_shenasvand2@yahoo.com', '3a2be74f1bfdcb3c9932ecd551084bea', 'Shaki55', NULL, '53512200', '2022-02-07 19:30:07', '2022-03-01 17:52:48', '1'),
(218, 'abigail østergaard', 'user', 'abigailostergaard@gmail.com', '0eb380af84c1bf109efbb591f678d82f', 'Peer0922!', NULL, '+4520772274', '2022-02-18 11:05:08', '2022-02-18 11:05:08', '0'),
(219, 'Guanhao Zhou', 'user', 'zhouguanhao92@gmail.com', 'd6269f60a994bfb2eef13b444a8429d1', '3422442', NULL, '+4526788866', '2022-02-23 13:47:35', '2022-02-23 13:48:29', '1'),
(220, 'Sanila Tandukar', 'user', 'sanila163@gmail.com', '99045e69e72ed8027704adab39b4134c', 'Danmark1', NULL, '42214790', '2022-03-01 08:36:55', '2022-03-01 08:40:11', '1'),
(221, 'Davidolusola', 'user', 'davidolusola_segun@yahoo.com', 'f4ac4b9ecb65db3d1da6aa31ccb00a1b', 'Queen123', NULL, '60482738', '2022-03-03 10:25:12', '2022-03-03 10:25:12', '0'),
(222, 'Roland Osei', 'user', 'roland.osei@yahoo.com', 'd851deb4e7ec9105c7183e4d6bd10ddc', 'Serwa2011', NULL, '29842230', '2022-03-08 14:46:32', '2022-03-08 14:46:32', '0'),
(223, 'Victoria ', 'user', 'sweettvic@yahoo.com', '9958f563de0d64f7bde94949fd5a732e', 'Chukwudi91', NULL, '+4523909403', '2022-03-08 19:39:37', '2022-03-08 19:39:37', '0'),
(224, 'Siwar Abdulrahman Mohamad', 'user', 'siwar.2014@outlook.dk', 'f57b106524ecd07a44829b9bc3241fbf', 'Him1984', NULL, '42320335', '2022-03-13 17:02:58', '2022-03-13 17:02:58', '0'),
(225, 'Sarawan Sidiqian', 'user', 'Sarawandk14@gmail.com', '39b8f721582654655a6999aabe905204', '4270', NULL, '42238272', '2022-03-16 16:58:06', '2022-03-16 16:58:06', '0'),
(226, 'Jeena Rajak ', 'user', 'zeenarajak@yahoo.com', 'eb71c96d67083f092f669f27c2bcbea3', 'birthday12', NULL, '91469141', '2022-04-01 11:10:13', '2022-04-01 11:10:13', '0'),
(227, 'Sagar Sapkota', 'user', 'sagarsapkota01@gmail.com', 'c85bdae891217f4bc9dbea50ed38e12e', '20450608Ss', NULL, '+4591477508', '2022-04-07 13:58:34', '2022-04-07 14:00:23', '1'),
(228, 'Abhinav Srivastava', 'user', 'simply.abhinav@gmail.com', 'ed8cb16c6fd9eaeb088e9b2f0b85cc3a', 'Active\"123', NULL, '+4561567621', '2022-04-11 06:09:29', '2022-04-11 06:09:29', '0'),
(229, 'CSS', 'user', 'sapbooks18@gmail.com', '4052a7b6e48c955a428d8ba4a23ffc73', '1Jaihanuman', NULL, '1234', '2022-04-11 10:56:54', '2022-04-11 10:56:54', '0'),
(230, 'Hamza Ahmad', 'user', 'hamza.ahmed92@hotmail.com', 'c51ce6336f09fe05a0ddb5934860f149', '112233445566a', NULL, '42329247', '2022-04-13 21:24:25', '2022-04-13 21:24:25', '0'),
(231, 'Ekta Choudhary', 'user', 'rubalchoudhary@gmail.com', 'c465d0d14bda68abfb9b4a1b188adace', 'harshal1', NULL, '61708853', '2022-04-18 08:07:30', '2022-04-18 08:11:09', '1'),
(232, 'Iftikhar Ahmed', 'user', 'iffi_kunjahi@yahoo.com', '1ae3216b0fb2c6b2b20690e2ef44f55a', 'jarral786', NULL, '91628048', '2022-04-20 09:27:14', '2022-04-20 09:28:50', '1'),
(233, 'Mohamad Bayat', 'user', 'mbayat@mek.dtu.dk', 'b17858bd4191e2fdb857e4bc37216c7d', '1371Mbayat*', NULL, '+4591930718', '2022-04-22 08:13:32', '2022-04-22 08:14:03', '1'),
(234, 'Sükrü Gürsoy', 'user', 'sukru.gursoy@gmail.com', 'f4c19d09b6f8f85bd9c88dc669065071', 'Baby2022!', NULL, '+4551319076', '2022-04-23 21:11:25', '2022-04-23 21:12:33', '1'),
(235, 'Alex Bruun', 'user', 'Karbala_2700@hotmail.com', '39dd63b08e646a2276a234ddd6ca85d6', 'Sadamhgg', NULL, '50698344', '2022-04-26 20:15:56', '2022-04-26 20:17:40', '1'),
(236, 'Yusuf Mahmoud Al-Kabra', 'user', 'y.alkbra13@gmail.com', '412a87ff5d659cdc2482163350303167', 's0944091871', NULL, '71584678', '2022-04-28 00:27:36', '2022-04-28 00:27:36', '0'),
(237, 'Olajide Akere', 'user', 'jendon_ak@hotmail.com', 'c0a3f4508a5b6ca560ad77f5c3717914', 'defjam123', NULL, '50253180', '2022-04-28 03:50:40', '2022-04-28 03:51:49', '1'),
(238, 'Hilbert Owens Bach', 'user', 'hilbertowens@gmail.com', 'd746101323b5af618bcf9ad9d9079164', 'HILBERT40OWENS5', NULL, '42641025', '2022-05-01 00:49:34', '2022-05-02 15:39:30', '1'),
(239, 'Harika', 'user', '21harika@gmail.com', 'a9bd0355e6edea5953dcc90b066ee8b0', 'harika21', NULL, '91623154', '2022-05-02 08:51:10', '2022-05-02 08:53:27', '1'),
(240, 'Zhanna Demchenko', 'user', 'zhanna0408@ukr.net', 'ff017057e384239a01cc6069e67d97b1', 'demchenko123', NULL, '20962243', '2022-05-02 16:18:27', '2022-05-02 16:18:27', '0'),
(241, 'ahmed padwi', 'user', 'icon18a@gmail.com', '143cf05963ccba4125fa5480bcf4b333', '15253600', NULL, '30488743', '2022-05-03 20:43:28', '2022-05-03 20:44:42', '1'),
(242, 'bilal afzal', 'user', 'bilalafzaldogar@yahoo.com', '2e510fa70918fd67aa1fb4aa4e38361e', 'D0gar123', NULL, '71548249', '2022-05-03 22:13:45', '2022-05-06 08:22:38', '1'),
(243, 'Ali', 'user', 'ali_hasan980@yahoo.com', '5345e8c85d8abf647f8da5e9b17aba44', 'ali20122012', NULL, '42956165', '2022-05-04 07:43:39', '2022-05-04 07:43:39', '0'),
(244, 'Khalil ', 'user', 'Khalil-berry@hotmail.com', '539687c7a329117262c8a91cdeff3671', 'Bery75656', NULL, '42342435', '2022-05-04 17:47:54', '2022-05-04 17:47:54', '0'),
(245, 'Mohammed Jobayer Azad', 'user', 'mjazad.ctg@gmail.com', '2225300d6d6800109834380a0101d77b', 'Mja50191334#', NULL, '50191334', '2022-05-07 08:47:15', '2022-05-07 08:48:49', '1'),
(246, 'Waqas Yasin', 'user', 'Waqasyasin068@gmail.com', '3d5eedd996ada0ef9ea98b0f7d13ea3e', 'Roma3675', NULL, '71505106', '2022-05-09 21:53:19', '2022-05-09 21:53:19', '0'),
(247, 'Abdifatah Ali', 'user', 'abdifatahali1857@gmail.com', 'c52e4745625f3321790560733d219542', 'Gurdumi1857', NULL, '42949626', '2022-05-10 22:38:58', '2022-05-10 22:38:58', '0'),
(248, 'Harsha', 'user', 'tummaluru.harsha@gmail.com', '46a558d97954d0692411c861cf78ef79', '2300', NULL, '27127763', '2022-05-11 16:05:20', '2022-05-11 16:07:25', '1'),
(249, 'Faton Xhigoli', 'user', 'fxhigoli@mail.dk', 'd680a57129bd8cb8836d4b6cb704c02a', 'Besa3433', NULL, '61405064', '2022-05-14 06:56:11', '2022-05-14 06:56:11', '0'),
(250, 'Tatiana Krasnova', 'user', 'krastat@gmail.com', '540536db269a2a4e97f828916e39b552', 'MnB42dGu', NULL, '+4531188179', '2022-05-14 15:34:54', '2022-05-14 15:35:45', '1'),
(251, 'mohamed', 'user', 'sadiquldum@hotmail.co.uk', '405e28906322882c5be9b4b27f4c35fd', '1978', NULL, '50646982', '2022-05-17 21:03:10', '2022-05-19 03:28:38', '1'),
(252, 'Serena', 'user', 'Serena_leka@hotmail.com', 'e1faa913c211ad7285b299df2d054257', 'tonitoni', NULL, '0045 91934810 ', '2022-05-21 12:38:46', '2022-05-21 12:40:19', '1'),
(253, 'Sheela Thapa', 'user', 'siluthapa69@gmail.com', '0830a1e0ea817151bf9a2644021783b0', 'Ful1Bari', NULL, '91677286', '2022-05-21 22:24:30', '2022-05-21 22:29:25', '1'),
(254, 'Iryna', 'user', 'irynabilokon88@gmail.com', '28739aa54723d6b89bfea6f258e5b798', 'Iryna2021Nytliv', NULL, '50234532', '2022-05-22 08:36:14', '2022-05-22 08:36:14', '0'),
(255, 'Jasmin Akter', 'user', 'smorhullet84@gmail.com', '2c6db7e035770fc876cf89035f4156af', '7350singh', NULL, '91476680', '2022-05-23 09:39:41', '2022-05-23 09:43:08', '1'),
(256, 'Bader', 'user', 'baderabazid83@gmail.com', '02a16601e765da4f348b18ef9eafcce3', 'dk3310dk', NULL, '28744555', '2022-05-23 11:25:57', '2022-05-23 11:25:57', '0'),
(257, 'Febin Tom Sebastian', 'user', 'febin_tom06@yahoo.com', 'fed8c78a8dcf25b8a6c99f08d36ac7b1', 'Juankuttan1', NULL, '91632812', '2022-05-23 18:03:29', '2022-05-23 18:03:29', '0'),
(258, 'Mo Li', 'user', 'moli0903@gmail.com', '2f0eb48cefa1686e78afd5710d7a934a', 'Ml31221793', NULL, '31221793', '2022-05-24 07:04:18', '2022-05-24 07:08:21', '1'),
(259, 'Aleksandra Lezaja', 'user', 'aleksandra.lezaja@hotmail.com', '819c1b0ad4193ff4797e604f043d6fa2', 'sandra2812', NULL, '53354085', '2022-05-24 12:11:44', '2022-05-24 12:16:21', '1'),
(260, 'Bimal Panda', 'user', 'panda.bimal@gmail.com', 'f3c6c2ffd5d237680603c73e710c499b', 'Zxcv0987@', NULL, '71405168', '2022-05-24 21:12:38', '2022-05-24 21:13:51', '1'),
(261, 'Dana Yu', 'user', 'Dana.myu@gmail.com', '060f586e59c8a5fab36a3a871935e053', 'Ch@b0n413', NULL, '+45 5377 0358', '2022-05-25 19:36:25', '2022-05-25 19:43:04', '1'),
(262, 'Danis F. Davare ', 'user', 'B.engineer@outlook.dk', 'bb99ca31e3a2280edb40017b76b118cb', 'Rawshan85', NULL, '53251533', '2022-05-25 22:33:57', '2022-05-25 22:37:12', '1'),
(263, 'Danis F. Davare', 'user', 'danisfdavare@gmail.com', '199aebe203a748ba123c84e22fd3beb0', 'Rawshan1285', NULL, '53251533', '2022-05-27 10:03:34', '2022-05-27 10:08:43', '1'),
(264, 'maria', 'user', 'kofod.maria@icloud.com', 'b82f5bc36f836afeb96047b415e6adbf', 'Lady2022', NULL, '40225060', '2022-05-27 10:40:39', '2022-05-27 10:42:00', '1'),
(265, 'abdulkarim', 'user', 'abdulkarimnabizadeh@gmail.com', '88bb17072379a63d090b37808346d2b2', 'karim2018', NULL, '93907269', '2022-05-27 19:25:08', '2022-05-27 19:25:08', '0'),
(266, 'Mohammd Alfakera', 'user', 'mohammd.alfakera@gmail.com', '08b1960309d3ac4a738856e0c7d038bd', 'Gjq2WeQqX8BEyCM', NULL, '42455448', '2022-05-28 04:43:49', '2022-05-28 04:43:49', '0'),
(267, 'Martha Svendsen', 'user', 'wmrs@novonordisk.com', 'a81cab417d4ec17feeb1c12e75162478', 'Wmrs0220', NULL, '+4530790220', '2022-05-28 17:08:14', '2022-05-28 17:08:14', '0'),
(268, 'Dersom zemuy', 'user', 'Zemuy16@gmail.com', 'a644aa5aa7562505527310036e80438c', 'deze2020', NULL, '91476298', '2022-05-28 18:12:17', '2022-05-28 18:12:17', '0'),
(269, 'Reza sadrollahi', 'user', 'rezasadrolahi0005@gmail.com', 'b33cdcc23e2a5c5034f031cbe86e2988', 'rezasadr0005', NULL, '31688931', '2022-05-28 18:36:39', '2022-05-28 18:37:36', '1'),
(270, 'Misako Ono', 'user', 'misako.ono28@gmail.com', '7dbf1446756d53bcb08f586717e18fc3', 'yourecho', NULL, '93807567', '2022-05-30 17:42:20', '2022-05-30 17:43:10', '1'),
(271, 'Mahesh Meesala', 'user', 'maheshmeesala322@gmail.com', '8099f982da00173a816379d5024a4a04', 'Goodboy4all.', NULL, '91841743', '2022-05-30 18:12:22', '2022-05-30 18:12:22', '0'),
(272, 'Lindita', 'user', 'ifrahimlindita@gmail.com', '21ef88afc9bd9beca19a4a4141b28896', 'Linda1984', NULL, '81744416', '2022-05-30 21:32:10', '2022-05-30 21:32:10', '0'),
(273, 'Pamella Sue Williamson', 'user', 'pamellawilliamson@hotmail.com', '2ea40a94ab5dc887e0af55fa79cafe0f', 'Alicesprings1', NULL, '22426600', '2022-05-31 05:20:04', '2022-05-31 17:06:53', '1'),
(274, 'Abdul Khan ', 'user', 'Ahadkhan916@gmail.com', '8a2ffa414de197fde59b6142a270015a', 'Sommer24', NULL, '50277404', '2022-05-31 11:57:15', '2022-05-31 12:01:14', '1'),
(275, 'Monika Jovikj', 'user', 'monika.jovik@gmail.com', 'e936433f8408a149587bb91d0e2e180a', '455069moni', NULL, '30702216', '2022-05-31 14:27:14', '2022-05-31 14:28:00', '1'),
(276, 'Kimberly Ingeman ', 'user', 'kim.ingeman@gmail.com', 'c83cb876a6c70bb9c28685b23d09845e', 'Gift1402!', NULL, '31 68 59 93 ', '2022-05-31 14:42:23', '2022-05-31 18:17:28', '1'),
(277, 'Pavlo', 'user', 'pavlosunhurov@gmail.com', 'd1f97529baa12fe3d57dd253e9550e8a', 'pavlo1994', NULL, '42326336', '2022-05-31 17:18:26', '2022-05-31 19:36:48', '1'),
(278, 'Monisha Tamilarasan ', 'user', 'monisha.shriram@gmail.com', 'b68a8c59fd87235725658a202cea3452', 'Pillayar', NULL, '91463244', '2022-06-01 00:58:13', '2022-06-01 01:00:46', '1'),
(279, 'Thomaschordtjavaherian', 'user', 'Thomaschordtjavaherian@gmail.com', 'd5c186983b52c4551ee00f72316c6eaa', '1992', NULL, '71344503', '2022-06-01 06:48:08', '2022-06-01 06:48:08', '0'),
(280, 'HashemSaid', 'user', 'Sidad85@hotmail.com', '80d7b9fe543f9e2f1c9a0dbbe9154e7a', 'Sidar1980', NULL, '29830744', '2022-07-15 10:56:02', '2022-07-15 10:56:02', '0'),
(281, 'Frederick Ofori', 'user', 'Stonettt2002@yahoo.com', 'dc53fdb7bb07f09ee20ee0d095b9e203', 'Bbccom2', NULL, '42316825', '2022-08-14 21:36:04', '2022-08-14 21:36:04', '0'),
(282, 'Rony', 'user', 'Rony_1986@outlook.com', 'd617a716764c5b7bac9a117e766faaa2', 'rony1986', NULL, '42165251', '2022-08-21 18:09:39', '2022-08-21 18:09:39', '0'),
(283, 'Jin Lei Jiang', 'user', 'jiang494@hotmail.com', '0bfb3442717dcf8ac1a93938883f086f', 'Dollar13501924435', NULL, '+4591567425', '2022-08-25 15:38:17', '2022-08-25 15:41:07', '1'),
(284, 'Olga Ramazanova', 'user', 'cishon@yandex.ru', '38fbab08fe85830541b765531af00048', 'olga1957', NULL, '+4521325726', '2022-09-14 19:10:16', '2022-09-14 19:12:43', '1'),
(285, 'Duangporn Sornviseth ', 'user', 'Pepcy29@hotmail.com', 'b4b6b4f0406a06947bd650f4e69f7c35', 'ma11', NULL, '91779308', '2022-09-15 18:40:48', '2022-09-15 19:43:35', '1'),
(286, 'Aliena Subedi', 'user', 'eva123alie@gmail.com', '0ae775a8cb3b499ad1fca944e6f5c836', '9192', NULL, '91615530', '2022-09-20 13:09:39', '2022-09-20 13:11:28', '1'),
(287, 'Suraj Sunuwar', 'user', 'Surajsunuwar479@gmail.com', 'ab2c90975b236a1cf7d73c61adb665c9', 'Kingdomof77', NULL, '42793536', '2022-09-22 21:28:32', '2022-09-22 21:28:32', '0'),
(288, 'Muhammad N.A.M', 'user', 'mmalik@live.dk', '7f42d28002f99a00ceb6067bc4a33afb', 'Nav050371', NULL, '28661477', '2022-09-24 19:09:12', '2022-09-24 19:15:36', '1'),
(289, 'Amanuel Araya', 'user', 'amanuelaraya65@gmail.com', '447bbc29d08ebab3c7e93cc78a2b8c65', 'abrehat22', NULL, '71519197', '2022-09-28 13:50:04', '2022-09-28 16:27:54', '1'),
(290, 'Amanuel Araya', 'user', 'abarhyohanaley@gmail.com', '5d92bbe2c2982a406978607f64fd822e', 'yohana23', NULL, '71519197', '2022-09-28 14:22:23', '2022-09-28 14:22:23', '0'),
(291, 'yohana ', 'user', 'abarhleyyohana@gmail.com', 'ea069c49873b8883eabc6e86f859f1f7', 'sami3322', NULL, '71519197', '2022-09-28 14:35:21', '2022-09-28 14:35:21', '0'),
(292, 'Musarraf Hossain Sekh', 'user', 'hossain.musarraf@gmail.com', '9606a1fbfbbb692696444022d27f6443', '!oN4#F4kjsCzMd', NULL, '71851998', '2022-10-01 20:02:42', '2022-10-01 20:08:29', '1'),
(293, 'Koteswara Rao Narra', 'user', 'dhanyanarra@gmail.com', 'dba4c1a117472f6aca95211285d0587e', '6966', NULL, '71678143', '2022-10-08 19:25:00', '2022-10-08 19:25:00', '0'),
(294, 'Ahmad tarabulsi ', 'user', 'lenataha@hotmail.com', 'c34cd327034d7fe069d4f1710f954e74', 'Alin2010', NULL, '42209926', '2022-10-10 13:31:40', '2022-10-10 13:31:40', '0'),
(295, 'Muhi Eddin al tahan ', 'user', 'Muhi9090@gmail.com', '9d2d81f7713defc64af4557282168fa7', 'Muhi', NULL, '91609186. ', '2022-10-12 05:47:57', '2022-10-22 07:42:18', '1'),
(296, 'Guadalupe Goldmann ', 'user', 'guadalupe_goldmann@yahoo.com', 'fff6e513fd71f0132dedf685c362581d', 'loplop1984', NULL, '53640826', '2022-10-12 11:39:05', '2022-10-13 12:12:00', '1'),
(297, 'Guadalupe Goldmann ', 'user', 'guadagold@gmail.com', 'fff6e513fd71f0132dedf685c362581d', 'loplop1984', NULL, '53640826', '2022-10-12 12:21:53', '2022-10-12 12:21:53', '0'),
(298, 'Dang Anh Khoa Nguyen', 'user', 'anhkhoa.km0405@gmail.com', 'b345d7136a4c5b7d0c905447a647052c', '0955584628', NULL, '25101994', '2022-10-13 08:06:47', '2022-10-13 08:20:50', '1'),
(299, 'Josephine  Lee', 'user', 'joselee0928@yahoo.com', '6960b7263f90dca8bf819b5fd1b952e0', 'Alex0928@@', NULL, '51265888', '2022-10-13 11:36:36', '2022-10-13 11:36:36', '0');
INSERT INTO `users` (`id`, `name`, `type`, `email`, `password`, `pas`, `gender`, `phone`, `created`, `modified`, `status`) VALUES
(300, 'mohammad Anter', 'user', 'rami.antar82@gmail.com', '95c4b1c53b0387c9dd5e8dbce91a9022', 't1122334455t', NULL, '91761548', '2022-10-16 08:50:26', '2022-10-16 08:55:33', '1'),
(301, 'Thi Nga Nguyen', 'user', 'ngachristensen85@gmail.com', '04e4872d52a71b4e900ed8eecf7f54d3', 'Teresa-1985', NULL, '+4520842829', '2022-10-17 19:09:04', '2022-10-17 19:09:04', '0'),
(302, 'syed hassan shaheed', 'user', 'hassanofficial69@gmail.com', '3a3926a5a17ab52e0601b5d37f6396e3', 'hassan22', NULL, '53817766', '2022-10-18 17:14:00', '2022-10-18 17:15:39', '1'),
(303, 'Pramod Mundanat N', 'user', 'pramod.mundanat@gmail.com', 'f810d6b0beac21780eebb19f5391a29c', 'Pramod$77', NULL, '23726508', '2022-10-21 18:45:44', '2022-10-21 18:47:05', '1'),
(304, 'Tibor Saitovic', 'user', 'tibor2011@live.dk', 'dab606f354b4cf0daebffd8baa9c2da5', 'Qkn86yfw', NULL, '22910002', '2022-10-24 08:13:12', '2022-10-24 08:13:12', '0'),
(305, 'Hairyn-Marina Ochoa-Barrios', 'user', 'hairynlamon@gmail.com', '4fcadfe5e61bef135d8c3a4a4d685554', 'Cachirulo121174', NULL, '42174676', '2022-10-24 10:39:07', '2022-10-24 10:40:08', '1'),
(306, 'Thi Nga Nguyen', 'user', 'Teresanguyen85@gmail.com', '04e4872d52a71b4e900ed8eecf7f54d3', 'Teresa-1985', NULL, '20842829', '2022-10-24 17:00:54', '2022-10-24 17:03:00', '1'),
(307, 'Kanganid Wongsaprom', 'user', 'kanganid13@gmail.com', '9afb056ada14ad645f350570615ba584', 'Zew39bcv', NULL, '27606341', '2022-10-28 10:43:54', '2022-10-28 11:04:43', '1'),
(308, 'Piyush Gupta', 'user', 'piyushguptarst@gmail.com', '6493088caeb3489b5e4803eb2a175506', 'Medborger123#', NULL, '52211255', '2022-10-29 21:01:10', '2022-10-29 21:06:25', '1'),
(309, 'sarah fjedstad', 'user', 'sarahwkibe@gmail.com', '761615e2a39e3fcc5eb9cfa7da869c88', 'sarah1210', NULL, '60713332', '2022-10-31 09:49:13', '2022-10-31 09:53:14', '1'),
(310, 'Aman', 'user', 'amane_osman@hotmail.com', '00c5ad3139eb391bb17d375e77a748bc', 'Libanon2022.', NULL, '30867933', '2022-10-31 10:42:03', '2022-10-31 10:42:03', '0'),
(311, 'Kathy Kampen', 'user', 'kathykampen@gmail.com', 'cc03e747a6afbbcbf8be7668acfebee5', 'test123', NULL, '93886466', '2022-11-04 10:00:37', '2022-11-04 10:06:14', '1'),
(312, 'Mykhailo Kurtiak', 'user', 'mykhailo96@gmail.com', 'cc53222887cba48899819f687dffe70f', 'dim690015@', NULL, '52824040', '2022-11-05 21:21:00', '2022-11-05 21:22:08', '1'),
(313, 'Eiad Shareef', 'user', 'EIADALSHAREEF@GMAIL.com', 'e10adc3949ba59abbe56e057f20f883e', '123456', NULL, '42324260', '2022-11-06 19:21:38', '2022-11-06 19:21:38', '0'),
(314, 'Cynthia Cachola', 'user', 'dennisfiona_18@yahoo.com', '17edf8d77235e170a7f4dd16c2ff93dd', 'Fiona2015', NULL, '53615023', '2022-11-09 08:27:38', '2022-11-09 08:27:38', '0'),
(315, 'Zachary Gavry', 'user', 'zacharygavry@gmail.com', 'fcc3f5c36cc2b82acd17f5b96fc39bcc', 'mofatch123', NULL, '93876855', '2022-11-09 18:57:44', '2022-11-09 18:57:44', '1'),
(316, 'Abu Hena Chowdhury', 'user', 'ahena7@gmail.com', 'af335946e187e29526470c7024d14092', '12String', NULL, '91482883', '2022-11-09 19:04:08', '2022-11-09 19:25:32', '1'),
(317, 'Rhea Mae Larsen', 'user', 'rheamaelarsen@gmail.com', 'd60ee5987e0d2d5f47d141ee745525e5', 'Mydavid1', NULL, '31685618', '2022-11-10 15:47:24', '2022-11-10 15:48:00', '1'),
(318, 'SHARANJEET KAUR ', 'user', 'dr.sharanjeet86@gmail.com', '514f9a35c9209d5d8cf1f113f998723e', 'Adamwal1986', NULL, '31560786', '2022-11-11 15:48:52', '2022-11-11 15:56:20', '1'),
(319, 'Tetiana Ilnytska', 'user', 'Tetiana.S.Ilnytska@gmail.com', '2d37d104a8d3c2dc48283abfdb349d66', 'Tetiana1612', NULL, '+4526899842', '2022-11-12 16:39:31', '2022-11-13 16:21:32', '1'),
(320, 'Rodjana Oemcha', 'user', 'rojjana57@gmail.com', '3af757c74ce40abfd3b705e34c288dcf', 'rodjana1989', NULL, '42659177', '2022-11-13 13:02:31', '2022-11-13 13:07:12', '1'),
(321, 'Tetiana Ilnytska', 'user', 'tetiana.ilnytska@dk.nestle.com', '2d37d104a8d3c2dc48283abfdb349d66', 'Tetiana1612', NULL, '+4526899842', '2022-11-13 16:27:17', '2022-11-16 17:49:31', '1'),
(322, 'Deborah Andersen', 'user', 'dclandersen@gmail.com', '3d929f997f76f58603fb763e34000d9f', 'April2688', NULL, '31261210', '2022-11-13 20:12:57', '2022-11-13 20:13:18', '1'),
(323, 'devkota.karuna02@gmail.com', 'user', 'devkota.karuna02@gmail.com', 'aa96f1ca0e34d3c8fe46a0acd0602319', 'biyanka@7', NULL, '42211405', '2022-11-15 11:12:40', '2022-11-15 11:12:40', '0'),
(324, 'Milos Tokalic', 'user', 'losmi987321@gmail.com', '30bad4661a5a997e797fb940bede473e', 'Sladjana11', NULL, '25142800', '2022-11-15 14:53:14', '2022-11-15 14:54:46', '1'),
(325, 'shah.atin@gmail.com', 'user', 'shah.atin@gmail.com', '200820e3227815ed1756a6b531e7e0d2', '210582@Atin', NULL, '52261117', '2022-11-16 10:14:59', '2022-11-16 12:13:50', '1'),
(326, 'Gokhan Ayg', 'user', 'gokhan.ayg@gmail.com', 'f99b9ed9c9c4f302412dd23d038de96c', 'izmir353%5', NULL, '30718731', '2022-11-16 21:12:22', '2022-11-16 21:26:46', '1'),
(327, 'Mario Alejandro Casas', 'user', 'marioguitar85@gmail.com', '27482ec49b7eb7c52af83a5b7ade470b', 'cacophony1', NULL, '71349381', '2022-11-17 05:16:56', '2022-11-17 05:19:12', '1'),
(328, 'Abhinav Kapila', 'user', 'abhinavkapila1990@gmail.com', '48474f975022f960bc2afbe49be581e8', 'qwerty123456', NULL, '31682719', '2022-11-17 08:11:51', '2022-11-17 08:12:16', '1'),
(329, 'samanah', 'user', 'syedasad863tv@gmail.com', 'cc3302903c71e8e8e997c1bd9f614824', 'Gardentown123', NULL, '81444847', '2022-11-17 08:53:16', '2022-11-17 08:53:16', '0'),
(330, 'Syed Asad  Hussain ', 'user', 'syed_102@hotail.com', '6c190e5109e7f1a0e6c6b44cbc217322', 'Raja_102', NULL, '53344847', '2022-11-17 10:32:55', '2022-11-17 10:32:55', '0'),
(331, 'Finn Dalgård', 'user', 'finn.anette@gmail.com', '7a7c3c41c80ab52cb450533a230492f4', 'Flagstang17', NULL, '21268258', '2022-11-17 10:58:12', '2022-11-17 10:58:48', '1'),
(332, 'Analyn Cabrera Faczinek-Beckmann', 'user', 'nalen1622@yahoo.com.sg', '2708b325e75c53b43da30e784a7d4e07', 'viterbo16', NULL, '42722319', '2022-11-17 15:37:18', '2022-11-17 15:40:23', '1'),
(333, 'nataliia krasnikova', 'user', 'nataliiakrasnikova@bigmir.net', '9aad4e5e7a8645aea52b384e919402c3', 'Roser119', NULL, '71380536', '2022-11-17 20:23:15', '2022-11-17 20:26:05', '1'),
(334, 'Ram', 'user', 'ram.sainvst@gmail.com', '294c753e1ef7cfcf6a000e3656c245ed', 'Madurai#12345', NULL, '53682775', '2022-11-18 09:58:53', '2022-11-19 21:30:20', '1'),
(335, 'Ibrahim', 'user', 'iramku@live.com', '86def1fd9f8cb71bd3fdfc864cb94368', 'Xhemile1#med', NULL, '93391855', '2022-11-19 09:21:44', '2022-11-19 09:26:10', '1'),
(336, 'Alona Gubrii', 'user', 'alonagubrii@gmail.com', 'b130a5d9a29fbd5b357dc24ae972a7b7', 'ab677677', NULL, '42228442', '2022-11-19 23:16:06', '2022-11-19 23:16:06', '0'),
(337, 'Hamdi', 'user', 'hamdii147@hotmail.com', 'dc647eb65e6711e155375218212b3964', 'Password', NULL, '42163399', '2022-11-20 13:33:20', '2022-11-20 13:33:55', '1'),
(338, 'Muhamad Salih Shaikho', 'user', 'msalihshaikho@gmail.com', '6cfeb33577eded9c24228b48dbfa4d25', 'salih2091972', NULL, '60463122', '2022-11-20 18:25:34', '2022-11-20 18:25:34', '0'),
(339, 'Salar Shaikho', 'user', 'salaro2003@gmail.com', '33fd72a781adb01724fc2f9abd0710e9', 'sshaikho12345', NULL, '42329455', '2022-11-20 19:20:10', '2022-11-20 19:20:58', '1'),
(340, 'Roukhash Issa', 'user', 'roukhashi1214@gmail.com', 'cce8362a6289d0e1e19e69a68a2a31bf', '2722454Rr', NULL, '20888418', '2022-11-20 20:24:19', '2022-11-20 20:25:23', '1'),
(341, 'Maymana Salih', 'user', 'maymana.hashim@gmail.com', 'd5a2b40c0eec25875b6248b582b7785b', 'MAYMANA2022', NULL, '61519414', '2022-11-21 20:02:35', '2022-11-21 20:03:26', '1'),
(342, 'Baljinder Kaur Sandhu', 'user', 'hbsahib@gmail.com', '0d441de75945e5acbc865406fc9a2559', '3579', NULL, '91618274', '2022-11-21 21:10:25', '2022-11-21 21:11:47', '1'),
(343, 'Berat CAKMAKLI', 'user', 'cakmakli.berat@gmail.com', 'e8e6447697b3ddcc09b478550d9b499d', 'AmorFati0301***', NULL, '+4561132388', '2022-11-22 10:15:29', '2022-11-22 10:15:29', '0'),
(344, 'Bo Sun', 'user', 'sunbohitee@gmail.com', '15342c094035f697189967c3f558f1cc', 'Sloveangel1314.', NULL, '91868462', '2022-11-22 10:47:01', '2022-11-22 15:25:21', '1'),
(345, 'Mohammad yassin', 'user', 'Mechanical2015@outlook.com', '44d137d9c0aa5cbd8e41db69743bcdaa', '0012369MbaMba', NULL, '53265942', '2022-11-22 10:54:49', '2022-11-22 11:06:06', '1'),
(346, 'Firoza momand', 'user', 'firozamomand@yahoo.com', 'baf979513b56fa2c362e835f8f25bfa2', 'firoza123', NULL, '42205527', '2022-11-22 16:04:27', '2022-11-22 16:04:27', '0'),
(347, 'michael aymut tekle', 'user', 'michaelaymut@gmail.com', '47bc5a826e15d2e8fb1a3650bde40cd9', 'mikisim123', NULL, '93859320', '2022-11-22 16:36:12', '2022-11-22 16:37:42', '1'),
(348, 'Izzeldeen dyab abdallah Abuhassouna', 'user', 'aiz-1984@hotmail.com', '0da788cec210d1ed6a7dae6ce7d8d1a1', 'Aziz1407', NULL, '29616007', '2022-11-22 19:10:52', '2022-11-22 19:12:56', '1'),
(349, 'Nazli dahdo', 'user', 'nazli.dado@gmail.com', '6415cb25d83a169028049856095da2aa', 'emma221118', NULL, '71645631', '2022-11-23 07:36:15', '2022-11-23 07:38:12', '1'),
(350, 'Shree krishna Kc', 'user', 'kcsid33@gmail.com', '55e132d1bd5caa0528669c39bfdf75e4', 'shree100', NULL, '71352416', '2023-01-13 16:00:16', '2023-01-13 19:31:53', '1'),
(351, 'Bijaya chand', 'user', 'chand_bijaya@yahoo.com', 'd6679be570bcdb79d12baa2ec1c7bb49', 'Ditasisters', NULL, '60575432', '2023-02-04 08:49:59', '2023-02-04 08:53:23', '1'),
(352, 'Tanuja Kocherla', 'user', 'infokocherla@gmail.com', '550eb656f7ac923869ae66d27e062e24', 'Keerthana9!', NULL, '81939298', '2023-02-04 19:08:15', '2023-02-04 19:09:17', '1');

--
-- Indexes for table `feedback`
--
ALTER TABLE `feedback`
  ADD PRIMARY KEY (`id`);

--
-- Indexes for table `old_tests`
--
ALTER TABLE `old_tests`
  ADD PRIMARY KEY (`id`);

--
-- Indexes for table `old_test_questions`
--
ALTER TABLE `old_test_questions`
  ADD PRIMARY KEY (`id`);

--
-- Indexes for table `packages`
--
ALTER TABLE `packages`
  ADD PRIMARY KEY (`id`);

--
-- Indexes for table `payments`
--
ALTER TABLE `payments`
  ADD PRIMARY KEY (`id`);

--
-- Indexes for table `questions`
--
ALTER TABLE `questions`
  ADD PRIMARY KEY (`id`);

--
-- Indexes for table `statistics`
--
ALTER TABLE `statistics`
  ADD PRIMARY KEY (`id`);

--
-- Indexes for table `testquestions`
--
ALTER TABLE `testquestions`
  ADD PRIMARY KEY (`id`);

--
-- Indexes for table `tests`
--
ALTER TABLE `tests`
  ADD PRIMARY KEY (`id`);

--
-- Indexes for table `userpackage`
--
ALTER TABLE `userpackage`
  ADD PRIMARY KEY (`id`);

--
-- Indexes for table `users`
--
ALTER TABLE `users`
  ADD PRIMARY KEY (`id`);

--
-- AUTO_INCREMENT for dumped tables
--

--
-- AUTO_INCREMENT for table `feedback`
--
ALTER TABLE `feedback`
  MODIFY `id` int(11) NOT NULL AUTO_INCREMENT, AUTO_INCREMENT=300;

--
-- AUTO_INCREMENT for table `old_tests`
--
ALTER TABLE `old_tests`
  MODIFY `id` int(11) NOT NULL AUTO_INCREMENT, AUTO_INCREMENT=2;

--
-- AUTO_INCREMENT for table `old_test_questions`
--
ALTER TABLE `old_test_questions`
  MODIFY `id` int(11) NOT NULL AUTO_INCREMENT, AUTO_INCREMENT=30;

--
-- AUTO_INCREMENT for table `packages`
--
ALTER TABLE `packages`
  MODIFY `id` int(11) NOT NULL AUTO_INCREMENT, AUTO_INCREMENT=4;

--
-- AUTO_INCREMENT for table `payments`
--
ALTER TABLE `payments`
  MODIFY `id` int(11) NOT NULL AUTO_INCREMENT, AUTO_INCREMENT=203;

--
-- AUTO_INCREMENT for table `questions`
--
ALTER TABLE `questions`
  MODIFY `id` int(11) NOT NULL AUTO_INCREMENT, AUTO_INCREMENT=527;

--
-- AUTO_INCREMENT for table `statistics`
--
ALTER TABLE `statistics`
  MODIFY `id` int(11) NOT NULL AUTO_INCREMENT, AUTO_INCREMENT=12439;

--
-- AUTO_INCREMENT for table `testquestions`
--
ALTER TABLE `testquestions`
  MODIFY `id` int(11) NOT NULL AUTO_INCREMENT, AUTO_INCREMENT=1093;

--
-- AUTO_INCREMENT for table `tests`
--
ALTER TABLE `tests`
  MODIFY `id` int(11) NOT NULL AUTO_INCREMENT, AUTO_INCREMENT=21;

--
-- AUTO_INCREMENT for table `userpackage`
--
ALTER TABLE `userpackage`
  MODIFY `id` int(11) NOT NULL AUTO_INCREMENT, AUTO_INCREMENT=207;

--
-- AUTO_INCREMENT for table `users`
--
ALTER TABLE `users`
  MODIFY `id` int(11) NOT NULL AUTO_INCREMENT, AUTO_INCREMENT=353;
COMMIT;

/*!40101 SET CHARACTER_SET_CLIENT=@OLD_CHARACTER_SET_CLIENT */;
/*!40101 SET CHARACTER_SET_RESULTS=@OLD_CHARACTER_SET_RESULTS */;
/*!40101 SET COLLATION_CONNECTION=@OLD_COLLATION_CONNECTION */;
